crim,zn,indus,chas,nox,rm,age,dis,rad,tax,ptratio,black,lstat,medv,CRIME_LOG,ROOM_SQ,TAX_PER_ROOM,LSTAT_PER_ROOM,POLLUTION_PROXIMITY,SCHOOL_INDEX,AGE_DIST
0.00632,18.0,2.31,0,0.538,6.575,65.2,4.09,1,296,15.3,396.9,4.98,24.0,0.006300112548479854,43.230625,45.01901140684411,0.7574144486692016,0.1315403422982885,76.19400000000002,266.668
0.02731,0.0,7.07,0,0.469,6.421,78.9,4.9671,2,242,17.8,396.9,9.14,21.6,0.026943735447546184,41.229241,37.68883351502881,1.4234542906089394,0.09442129210203136,162.692,391.90419
0.02729,0.0,7.07,0,0.469,7.185,61.1,4.9671,2,242,17.8,392.83,4.03,34.7,0.026924266937859983,51.624224999999996,33.6812804453723,0.5608907446068199,0.09442129210203136,71.73400000000001,303.48981000000003
0.03237,0.0,2.18,0,0.458,6.998,45.8,6.0622,3,222,18.7,394.63,2.94,33.4,0.031857129935659596,48.972004000000005,31.723349528436696,0.420120034295513,0.07555013031572697,54.977999999999994,277.64876
0.06905,0.0,2.18,0,0.458,7.147,54.2,6.0622,3,222,18.7,396.9,5.33,36.2,0.06677040363385237,51.079609000000005,31.061984049251432,0.7457674548761718,0.07555013031572697,99.67099999999999,328.57124
0.02985,0.0,2.18,0,0.458,6.43,58.7,6.0622,3,222,18.7,394.12,5.21,28.7,0.029413160568349615,41.344899999999996,34.52566096423017,0.8102643856920685,0.07555013031572697,97.42699999999999,355.85114
0.08829,12.5,7.87,0,0.524,6.012,66.6,5.5605,5,311,15.2,395.6,12.43,22.9,0.08460765703482563,36.144144,51.72987358616101,2.0675316034597473,0.09423612984443845,188.93599999999998,370.3293
0.14455,12.5,7.87,0,0.524,6.172,96.1,5.9505,5,311,15.2,396.9,19.15,27.1,0.13501154665587695,38.093584,50.38885288399223,3.1027219701879454,0.08805982690530208,291.08,571.84305
0.21124,12.5,7.87,0,0.524,5.631,100.0,6.0821,5,311,15.2,386.63,29.93,16.5,0.191644628254806,31.708161000000004,55.22997691351447,5.315219321612502,0.0861544532316141,454.936,608.2099999999999
0.17004,12.5,7.87,0,0.524,6.004,85.9,6.5921,5,311,15.2,386.71,17.1,18.9,0.15703793625945525,36.048016,51.798800799467024,2.8481012658227853,0.07948908542042749,259.92,566.26139
0.22489,12.5,7.87,0,0.524,6.377,94.3,6.3467,5,311,15.2,392.52,20.45,15.0,0.20285104404642812,40.666129,48.76901364277874,3.2068370707229104,0.0825625915830274,310.84,598.49381
0.11747,12.5,7.87,0,0.524,6.009,82.9,6.2267,5,311,15.2,396.9,13.27,18.9,0.11106720150765238,36.108081000000006,51.755699783657846,2.2083541354634715,0.0841537250871248,201.70399999999998,516.19343
0.09378,12.5,7.87,0,0.524,5.889,39.0,5.4509,5,311,15.2,390.5,15.71,21.7,0.08963958688495932,34.680321,52.81032433350314,2.6676855153676344,0.09613091416096425,238.792,212.58509999999998
0.62976,0.0,8.14,0,0.538,5.949,61.8,4.7075,4,307,21.0,396.9,8.26,20.4,0.48843276471410274,35.390601,51.605311817112124,1.38846865019331,0.11428571428571431,173.46,290.92349999999993
0.63796,0.0,8.14,0,0.538,6.096,84.5,4.4619,4,307,21.0,380.02,10.26,18.2,0.493451565108284,37.161216,50.36089238845144,1.6830708661417322,0.12057643604742375,215.46,377.03055
0.62739,0.0,8.14,0,0.538,5.834,56.5,4.4986,4,307,21.0,395.62,8.47,19.9,0.4869775044907406,34.03555599999999,52.62255742200892,1.4518340761055881,0.11959276219268218,177.87,254.1709
1.05393,0.0,8.14,0,0.538,5.935,29.3,4.4986,4,307,21.0,386.85,6.58,23.1,0.719755031081429,35.224225,51.72704296545914,1.1086773378264534,0.11959276219268218,138.18,131.80898
0.7842,0.0,8.14,0,0.538,5.99,81.7,4.2579,4,307,21.0,386.75,14.67,17.5,0.5789701354975461,35.880100000000006,51.25208681135225,2.4490818030050083,0.1263533666831067,308.07,347.87043000000006
0.80271,0.0,8.14,0,0.538,5.456,36.6,3.7965,4,307,21.0,288.99,11.69,20.2,0.5892910882451726,29.767936000000006,56.2683284457478,2.142595307917888,0.14170946924799158,245.48999999999998,138.9519
0.7258,0.0,8.14,0,0.538,5.727,69.5,3.7965,4,307,21.0,390.95,11.28,18.2,0.5456907110920701,32.798529,53.6057272568535,1.969617600838135,0.14170946924799158,236.88,263.85675
1.25179,0.0,8.14,0,0.538,5.57,98.1,3.7979,4,307,21.0,376.57,21.02,13.6,0.8117254554853013,31.024900000000002,55.11669658886894,3.773788150807899,0.14165723162800498,441.42,372.57399
0.85204,0.0,8.14,0,0.538,5.965,89.2,4.0123,4,307,21.0,392.53,13.83,19.6,0.6162877342628865,35.581224999999996,51.46689019279128,2.3185247275775356,0.13408768038282284,290.43,357.89716
1.23247,0.0,8.14,0,0.538,6.142,91.7,3.9769,4,307,21.0,396.9,18.72,15.2,0.8031085958282843,37.724164,49.98371865841745,3.047867144252686,0.13528124921421208,393.12,364.68173
0.98843,0.0,8.14,0,0.538,5.813,100.0,4.0952,4,307,21.0,394.54,19.88,14.5,0.687345382632109,33.790969,52.81266127644934,3.4199208670221917,0.1313733151006056,417.47999999999996,409.52000000000004
0.75026,0.0,8.14,0,0.538,5.924,94.1,4.3996,4,307,21.0,394.33,16.3,15.6,0.5597643483283525,35.093776000000005,51.823092505064146,2.75151924375422,0.12228384398581689,342.3,414.00236
0.84054,0.0,8.14,0,0.538,5.599,85.7,4.4546,4,307,21.0,303.42,16.51,13.9,0.6100590068254429,31.348801,54.83121986068941,2.9487408465797467,0.12077403133839178,346.71000000000004,381.75922
0.67191,0.0,8.14,0,0.538,5.813,90.3,4.682,4,307,21.0,376.88,14.81,16.6,0.5139666854625483,33.790969,52.81266127644934,2.5477378290039567,0.11490815890645023,311.01,422.7846
0.95577,0.0,8.14,0,0.538,6.047,88.8,4.4534,4,307,21.0,306.38,17.28,14.8,0.6707839777866772,36.56620899999999,50.76897635191004,2.857615346452787,0.12080657475187498,362.88,395.46192
0.77299,0.0,8.14,0,0.538,6.495,94.4,4.4547,4,307,21.0,387.94,12.8,18.4,0.5726673869182406,42.185025,47.2671285604311,1.970746728252502,0.12077132017868769,268.8,420.52368
1.00245,0.0,8.14,0,0.538,6.674,87.3,4.239,4,307,21.0,380.23,11.98,21.0,0.6943714308596382,44.54227600000001,45.9994006592748,1.795025471980821,0.12691672564284032,251.58,370.06469999999996
1.13081,0.0,8.14,0,0.538,5.713,94.1,4.233,4,307,21.0,360.17,22.6,12.7,0.7565021891227188,32.638369000000004,53.73709084544022,3.955890075266935,0.12709662178124265,474.6,398.32529999999997
1.35472,0.0,8.14,0,0.538,6.072,100.0,4.175,4,307,21.0,376.73,13.04,14.5,0.8564218244336657,36.869184000000004,50.559947299077734,2.147562582345191,0.1288622754491018,273.84,417.5
1.38799,0.0,8.14,0,0.538,5.95,82.0,3.99,4,307,21.0,232.6,27.71,13.2,0.8704520079168975,35.4025,51.596638655462186,4.6571428571428575,0.1348370927318296,581.91,327.18
1.15172,0.0,8.14,0,0.538,5.701,95.0,3.7872,4,307,21.0,358.77,18.35,13.1,0.7662675223101358,32.501400999999994,53.85020171899667,3.2187335555165766,0.14205745669623998,385.35,359.784
1.61282,0.0,8.14,0,0.538,6.096,96.9,3.7598,4,307,21.0,248.31,20.34,13.5,0.9604300978281596,37.161216,50.36089238845144,3.3366141732283463,0.1430927176977499,427.14,364.32462
0.06417,0.0,5.96,0,0.499,5.933,68.2,3.3603,5,279,19.2,396.9,9.68,18.9,0.06219515259296706,35.200489,47.02511377043654,1.631552334400809,0.14849864595423026,185.856,229.17246
0.09744,0.0,5.96,0,0.499,5.841,61.4,3.3779,5,279,19.2,377.56,11.41,20.0,0.0929801947688742,34.117281000000006,47.76579352850539,1.9534326313987331,0.14772491784836733,219.072,207.40305999999998
0.08014,0.0,5.96,0,0.499,5.85,41.5,3.9342,5,279,19.2,396.9,8.77,21.0,0.07709066236456354,34.2225,47.69230769230769,1.4991452991452991,0.12683645976310304,168.384,163.26930000000002
0.17505,0.0,5.96,0,0.499,5.966,30.2,3.8473,5,279,19.2,393.43,10.13,24.7,0.16131069988225027,35.593156,46.765001676164935,1.697955078779752,0.1297013489979986,194.496,116.18846
0.02763,75.0,2.95,0,0.428,6.595,21.8,5.4011,3,252,18.3,395.63,4.32,30.8,0.02725518006645146,43.49402499999999,38.21076573161486,0.6550416982562548,0.07924311714280424,79.05600000000001,117.74398
0.03359,75.0,2.95,0,0.428,7.024,15.8,5.4011,3,252,18.3,395.62,1.98,34.9,0.03303817907679737,49.336576,35.876993166287015,0.28189066059225515,0.07924311714280424,36.234,85.33738
0.12744,0.0,6.91,0,0.448,6.77,2.9,5.7209,3,233,17.9,385.41,4.84,26.6,0.11994957590111856,45.832899999999995,34.416543574593796,0.7149187592319055,0.07830935691936583,86.636,16.59061
0.1415,0.0,6.91,0,0.448,6.169,6.6,5.7209,3,233,17.9,383.37,5.81,25.3,0.13234318698771316,38.056560999999995,37.769492624412386,0.9418058032095964,0.07830935691936583,103.99899999999998,37.75794
0.15936,0.0,6.91,0,0.448,6.211,6.5,5.7209,3,233,17.9,394.46,7.44,24.7,0.14786812872457536,38.57652100000001,37.51408790854935,1.1978747383674127,0.07830935691936583,133.176,37.18585
0.12269,0.0,6.91,0,0.448,6.069,40.0,5.7209,3,233,17.9,389.39,9.55,21.2,0.11572759134397041,36.832761,38.39182731916296,1.5735706047124733,0.07830935691936583,170.945,228.836
0.17142,0.0,6.91,0,0.448,5.682,33.8,5.1004,3,233,17.9,396.9,10.21,19.3,0.15821668811495349,32.285124,41.00668778599085,1.7969024991200282,0.087836248137401,182.75900000000001,172.39351999999997
0.18836,0.0,6.91,0,0.448,5.786,33.3,5.1004,3,233,17.9,396.9,14.15,20.0,0.17257420533907458,33.477796,40.269616315243695,2.445558244037332,0.087836248137401,253.285,169.84331999999998
0.22927,0.0,6.91,0,0.448,6.03,85.5,5.6894,3,233,17.9,392.74,18.8,16.6,0.2064204972609395,36.3609,38.640132669983416,3.1177446102819237,0.07874292544029247,336.52,486.4437
0.25387,0.0,6.91,0,0.448,5.399,95.3,5.87,3,233,17.9,396.9,30.81,14.4,0.2262347685752403,29.149201,43.156140025930725,5.706612335617707,0.07632027257240205,551.4989999999999,559.411
0.21977,0.0,6.91,0,0.448,5.602,62.0,6.0877,3,233,17.9,396.9,16.2,19.4,0.1986623163820069,31.382404000000005,41.59228846840414,2.891824348446983,0.07359101138360957,289.97999999999996,377.43739999999997
0.08873,21.0,5.64,0,0.439,5.963,45.7,6.8147,4,243,16.8,395.56,13.45,19.7,0.0850118793258392,35.557369,40.75129968136844,2.255576052322656,0.06441956359047353,225.96,311.43179000000003
0.04337,21.0,5.64,0,0.439,6.115,63.0,6.8147,4,243,16.8,393.97,9.43,20.5,0.042455859036392395,37.393225,39.73834832379395,1.5421095666394111,0.06441956359047353,158.424,429.3261
0.0536,21.0,5.64,0,0.439,6.511,21.1,6.8147,4,243,16.8,396.9,5.28,25.0,0.052212871446934234,42.393121,37.32145599754262,0.8109353401935187,0.06441956359047353,88.70400000000001,143.79017000000002
0.04981,21.0,5.64,0,0.439,5.998,21.4,6.8147,4,243,16.8,396.9,8.43,23.4,0.04860919541462225,35.976004,40.5135045015005,1.4054684894964988,0.06441956359047353,141.624,145.83458
0.0136,75.0,4.0,0,0.41,5.888,47.6,7.3197,3,469,21.1,396.9,14.8,18.9,0.013508350024792243,34.668544,79.65353260869566,2.5135869565217392,0.05601322458570706,312.28000000000003,348.41772000000003
0.01311,90.0,1.22,0,0.403,7.249,21.9,8.6966,5,226,17.9,395.93,4.81,35.4,0.013024807722689456,52.54800099999999,31.176714029521314,0.6635397985929093,0.04633994894556494,86.09899999999999,190.45553999999998
0.02055,85.0,0.74,0,0.41,6.383,35.7,9.1876,2,313,17.3,396.9,5.77,24.7,0.020341697657914562,40.742689,49.03650321165596,0.9039636534544884,0.044625364621881665,99.821,327.99732
0.01432,100.0,1.32,0,0.411,6.816,40.5,8.3248,5,256,15.1,392.9,3.95,31.6,0.0142184372375555,46.457856,37.55868544600939,0.579518779342723,0.04937055544877955,59.645,337.1544
0.15445,25.0,5.13,0,0.453,6.145,29.2,7.8148,8,284,19.7,390.68,6.86,23.3,0.1436240400828755,37.761025,46.21643612693247,1.1163547599674533,0.057966934534473054,135.142,228.19216
0.10328,25.0,5.13,0,0.453,5.927,47.2,6.932,8,284,19.7,396.9,9.22,19.6,0.09828756118394519,35.129329,47.91631516787582,1.5555930487599126,0.06534910559723023,181.63400000000001,327.1904
0.14932,25.0,5.13,0,0.453,5.741,66.2,7.2254,8,284,19.7,395.11,13.15,18.7,0.13917046313797143,32.959081,49.46873367009232,2.2905417174708242,0.06269549090707781,259.055,478.32148
0.17171,25.0,5.13,0,0.453,5.966,93.4,6.8185,8,284,19.7,378.08,14.44,16.0,0.15846422026338805,35.593156,47.60308414347972,2.4203821656050954,0.06643689961135146,284.46799999999996,636.8479000000001
0.11027,25.0,5.13,0,0.453,6.456,67.8,7.2255,8,284,19.7,396.9,6.73,22.2,0.1046032289886448,41.679936000000005,43.99008674101611,1.042441140024783,0.06269462320946648,132.58100000000002,489.8889
0.1265,25.0,5.13,0,0.453,6.762,43.4,7.9809,8,284,19.7,395.58,9.5,25.0,0.11911548089016208,45.72464399999999,41.99940845903579,1.404909790002958,0.0567605157313085,187.15,346.37106
0.01951,17.5,1.38,0,0.4161,7.104,59.5,9.2229,3,216,18.6,393.24,8.05,33.0,0.019322119714037033,50.466816,30.405405405405403,1.1331644144144144,0.0451159613570569,149.73000000000002,548.7625499999999
0.03584,80.0,3.37,0,0.398,6.29,17.8,6.6115,4,337,16.1,396.9,4.67,23.5,0.03521269175574247,39.5641,53.57710651828299,0.7424483306836248,0.060198139605233306,75.18700000000001,117.6847
0.04379,80.0,3.37,0,0.398,5.787,31.1,6.6115,4,337,16.1,396.9,10.24,19.4,0.042858319801900656,33.489368999999996,58.233972697425266,1.7694833246932782,0.060198139605233306,164.864,205.61765000000003
0.05789,12.5,6.07,0,0.409,5.878,21.4,6.498,4,345,18.9,396.21,8.1,22.0,0.05627635827662477,34.550884,58.693433140523986,1.3780197346036065,0.06294244382887042,153.08999999999997,139.0572
0.13554,12.5,6.07,0,0.409,5.594,36.8,6.498,4,345,18.9,396.9,13.09,17.4,0.1271083087153749,31.292836000000005,61.67322130854487,2.3400071505184123,0.06294244382887042,247.40099999999998,239.1264
0.12816,12.5,6.07,0,0.409,5.885,33.0,6.498,4,345,18.9,396.9,8.79,20.9,0.1205879869885934,34.633224999999996,58.62361937128293,1.493627867459643,0.06294244382887042,166.13099999999997,214.434
0.08826,0.0,10.81,0,0.413,6.417,6.6,5.2873,4,305,19.2,383.73,6.72,24.2,0.08458009047306331,41.177889,47.5299984416394,1.0472183263207107,0.07811170162464774,129.024,34.89618
0.15876,0.0,10.81,0,0.413,5.961,17.5,5.2873,4,305,19.2,376.94,9.88,21.7,0.14735046784990224,35.533521,51.165911759771845,1.657440026841134,0.07811170162464774,189.696,92.52775
0.09164,0.0,10.81,0,0.413,6.065,7.8,5.2873,4,305,19.2,390.91,5.52,22.8,0.08768115263983375,36.784225000000006,50.28854080791426,0.9101401483924154,0.07811170162464774,105.984,41.24094
0.19539,0.0,10.81,0,0.413,6.245,6.2,5.2873,4,305,19.2,377.17,7.54,23.4,0.1784724919723239,39.000025,48.83907125700561,1.2073658927141713,0.07811170162464774,144.768,32.78126
0.07896,0.0,12.83,0,0.437,6.273,6.0,4.2515,5,398,18.7,394.92,6.78,24.1,0.0759976142264651,39.350528999999995,63.44651681810936,1.0808225729316117,0.10278725155827355,126.786,25.509
0.09512,0.0,12.83,0,0.437,6.286,45.0,4.5026,5,398,18.7,383.23,8.94,21.4,0.09086394630511974,39.51379599999999,63.315303849825014,1.422208081450843,0.0970550348687425,167.178,202.61700000000002
0.10153,0.0,12.83,0,0.437,6.279,74.5,4.0522,5,398,18.7,373.66,11.97,20.0,0.09670012247721364,39.425841,63.385889472845996,1.9063545150501673,0.10784265337347614,223.839,301.8889
0.08707,0.0,12.83,0,0.437,6.14,45.8,4.0905,5,398,18.7,386.96,10.27,20.8,0.08348600348975033,37.6996,64.82084690553746,1.6726384364820848,0.10683290551277351,192.04899999999998,187.34489999999997
0.05646,0.0,12.83,0,0.437,6.232,53.7,5.0141,5,398,18.7,386.4,12.34,21.2,0.054923696495899246,38.837824000000005,63.86392811296534,1.9801026957637997,0.08715422508525957,230.75799999999998,269.25717000000003
0.08387,0.0,12.83,0,0.437,5.874,36.6,4.5026,5,398,18.7,396.06,9.1,20.3,0.08053796962647085,34.503876,67.75621382362955,1.5491998638066053,0.0970550348687425,170.17,164.79516
0.04113,25.0,4.86,0,0.426,6.727,33.5,5.4007,4,281,19.0,396.9,5.29,28.0,0.04030666175913415,45.252529,41.77196372825925,0.7863832317526386,0.07887866387690486,100.51,180.92344999999997
0.04462,25.0,4.86,0,0.426,6.619,70.4,5.4007,4,281,19.0,395.63,7.22,23.9,0.043653182921403064,43.811161,42.45354283124339,1.0907992143828373,0.07887866387690486,137.18,380.20928
0.03659,25.0,4.86,0,0.426,6.302,32.2,5.4007,4,281,19.0,396.9,6.72,24.8,0.03593647980430558,39.71520399999999,44.589019358933676,1.0663281497937163,0.07887866387690486,127.67999999999999,173.90254000000002
0.03551,25.0,4.86,0,0.426,6.167,46.7,5.4007,4,281,19.0,390.64,7.51,22.9,0.03489405897732069,38.031889,45.56510458894114,1.2177720123236582,0.07887866387690486,142.69,252.21269
0.05059,0.0,4.49,0,0.449,6.389,48.0,4.7794,3,247,18.5,396.9,9.62,23.9,0.04935191112196916,40.819321,38.660197213961496,1.5057129441227108,0.09394484663346864,177.97,229.4112
0.05735,0.0,4.49,0,0.449,6.63,56.1,4.4377,3,247,18.5,392.3,6.53,26.6,0.055765777905857246,43.9569,37.254901960784316,0.9849170437405732,0.10117853843207066,120.805,248.95497000000003
0.05188,0.0,4.49,0,0.449,6.015,45.1,4.4272,3,247,18.5,395.99,12.86,22.5,0.050579039368154076,36.18022499999999,41.06400665004156,2.137988362427265,0.10141850379472353,237.91,199.66672
0.07151,0.0,4.49,0,0.449,6.121,56.8,3.7476,3,247,18.5,395.15,8.44,22.2,0.06906886859909778,37.466641,40.35288351576539,1.3788596634536838,0.11981001174084749,156.14,212.86368
0.0566,0.0,3.41,0,0.489,7.007,86.3,3.4217,2,270,17.8,396.9,5.5,23.6,0.0550562057480784,49.098048999999996,38.53289567575282,0.7849293563579278,0.1429114183008446,97.9,295.29271
0.05302,0.0,3.41,0,0.489,7.079,63.1,3.4145,2,270,17.8,396.06,5.7,28.7,0.0516622263237937,50.112241,38.14098036445826,0.8051984743607855,0.14321276907307073,101.46000000000001,215.45495
0.04684,0.0,3.41,0,0.489,6.417,66.1,3.0923,2,270,17.8,392.18,8.81,22.6,0.0457761026365836,41.177889,42.0757363253857,1.3729156926912889,0.1581347217281635,156.818,204.40102999999996
0.03932,0.0,3.41,0,0.489,6.405,73.9,3.0921,2,270,17.8,393.55,8.2,22.0,0.038566653148816674,41.024025,42.15456674473068,1.2802498048399686,0.1581449500339575,145.95999999999998,228.50619
0.04203,28.0,15.04,0,0.464,6.442,53.6,3.6659,4,270,18.2,395.01,8.16,22.9,0.0411707337036766,41.499364,41.91244954982925,1.2666873641726173,0.1265719195831856,148.512,196.49224
0.02875,28.0,15.04,0,0.464,6.211,28.9,3.6659,4,270,18.2,396.33,6.21,25.0,0.028344473009142515,38.57652100000001,43.47126066655933,0.9998389953308645,0.1265719195831856,113.02199999999999,105.94451
0.04294,28.0,15.04,0,0.464,6.249,77.3,3.615,4,270,18.2,396.9,10.59,20.6,0.042043647997679325,39.050000999999995,43.20691310609698,1.6946711473835814,0.12835408022130013,192.738,279.4395
0.12204,0.0,2.89,0,0.445,6.625,57.8,3.4952,2,276,18.0,357.98,6.65,28.4,0.1151484570889221,43.890625,41.660377358490564,1.0037735849056604,0.12731746395056076,119.7,202.02256
0.11504,0.0,2.89,0,0.445,6.163,69.6,3.4952,2,276,18.0,391.83,11.34,21.4,0.10889027870807165,37.982569000000005,44.78338471523608,1.8400129806912218,0.12731746395056076,204.12,243.26592
0.12083,0.0,2.89,0,0.445,8.069,76.0,3.4952,2,276,18.0,396.9,4.21,38.7,0.11406948227773037,65.10876100000002,34.20498202999132,0.5217499070516792,0.12731746395056076,75.78,265.6352
0.08187,0.0,2.89,0,0.445,7.82,36.9,3.4952,2,276,18.0,393.53,3.57,43.8,0.0786910253316489,61.15240000000001,35.29411764705882,0.45652173913043476,0.12731746395056076,64.25999999999999,128.97288
0.0686,0.0,2.89,0,0.445,7.416,62.5,3.4952,2,276,18.0,396.9,6.19,33.2,0.06634938054153391,54.99705600000001,37.2168284789644,0.8346817691477886,0.12731746395056076,111.42,218.45000000000002
0.14866,0.0,8.56,0,0.52,6.727,79.9,2.7778,5,384,20.9,394.76,9.42,27.5,0.13859604559025773,45.252529,57.083395272781324,1.4003270402854169,0.18719850241198072,196.878,221.94622
0.11432,0.0,8.56,0,0.52,6.781,71.3,2.8561,5,384,20.9,395.58,7.67,26.5,0.10824435339763891,45.981961,56.62881580887775,1.1311016074325322,0.18206645425580337,160.303,203.63993
0.22876,0.0,8.56,0,0.52,6.405,85.4,2.7147,5,384,20.9,70.8,10.63,18.6,0.20600553079810677,41.024025,59.95316159250585,1.659640905542545,0.1915497108336096,222.167,231.83538000000001
0.21161,0.0,8.56,0,0.52,6.137,87.4,2.7147,5,384,20.9,394.47,13.44,19.3,0.19195005368591092,37.662769,62.57128890337299,2.1899951116180545,0.1915497108336096,280.89599999999996,237.26478000000003
0.1396,0.0,8.56,0,0.52,6.167,90.0,2.421,5,384,20.9,392.69,12.33,20.1,0.1306773236416162,38.031889,62.2669044916491,1.9993513864115453,0.21478727798430403,257.697,217.89
0.13262,0.0,8.56,0,0.52,5.851,96.7,2.1069,5,384,20.9,394.05,16.47,19.5,0.12453353302656034,34.234201,65.62980687062041,2.814903435310203,0.24680810669704306,344.22299999999996,203.73723
0.1712,0.0,8.56,0,0.52,5.836,91.9,2.211,5,384,20.9,395.67,18.66,19.5,0.15802886422491005,34.058896000000004,65.79849211788896,3.197395476353667,0.23518769787426505,389.99399999999997,203.1909
0.13117,0.0,8.56,0,0.52,6.127,85.2,2.1224,5,384,20.9,387.69,14.09,20.4,0.12325249529930257,37.540129,62.67341276317937,2.2996572547739516,0.24500565397663027,294.481,180.82847999999998
0.12802,0.0,8.56,0,0.52,6.474,97.1,2.4329,5,384,20.9,395.24,12.27,19.8,0.12046388341513765,41.912676000000005,59.3141797961075,1.8952734012974977,0.21373669283571048,256.443,236.23459
0.26363,0.0,8.56,0,0.52,6.229,91.2,2.5451,5,384,20.9,391.23,15.55,19.4,0.23398853135437195,38.800441,61.6471343714882,2.496387863220421,0.20431417233114613,324.995,232.11312
0.10793,0.0,8.56,0,0.52,6.195,54.4,2.7778,5,384,20.9,393.49,13.0,21.7,0.1024934094340411,38.378025,61.98547215496368,2.098466505246166,0.18719850241198072,271.7,151.11232
0.10084,0.0,10.01,0,0.547,6.715,81.6,2.6775,6,432,17.8,395.59,10.16,22.8,0.09607352474606409,45.091225,64.33358153387938,1.513030528667163,0.20429505135387488,180.848,218.484
0.12329,0.0,10.01,0,0.547,5.913,92.9,2.3534,6,432,17.8,394.95,16.21,18.8,0.11626187928444467,34.963569,73.05936073059361,2.741417216303061,0.23242967621313845,288.538,218.63086000000004
0.22212,0.0,10.01,0,0.547,6.092,95.4,2.548,6,432,17.8,396.9,17.09,18.7,0.20058705560079912,37.112463999999996,70.91267235718976,2.8053184504267894,0.21467817896389327,304.202,243.07920000000001
0.14231,0.0,10.01,0,0.547,6.254,84.2,2.2565,6,432,17.8,388.74,10.45,18.5,0.13305252798715148,39.11251599999999,69.0757914934442,1.6709306044131755,0.24241081320629296,186.01,189.9973
0.17134,0.0,10.01,0,0.547,5.928,88.2,2.4631,6,432,17.8,344.91,15.76,18.3,0.15814839260023486,35.141184,72.87449392712551,2.658569500674764,0.2220778693516301,280.528,217.24542
0.13158,0.0,10.01,0,0.547,6.176,72.5,2.7301,6,432,17.8,393.3,12.04,21.2,0.12361488619930212,38.142976000000004,69.9481865284974,1.949481865284974,0.20035896121021207,214.31199999999998,197.93225
0.15098,0.0,10.01,0,0.547,6.021,82.6,2.7474,6,432,17.8,394.51,10.3,19.2,0.1406137533941644,36.252441,71.74887892376682,1.7106792891546256,0.19909732838319869,183.34000000000003,226.93523999999996
0.13058,0.0,10.01,0,0.547,5.872,73.1,2.4775,6,432,17.8,338.63,15.37,20.4,0.12273077538031703,34.480384,73.56948228882834,2.617506811989101,0.22078708375378406,273.586,181.10524999999998
0.14476,0.0,10.01,0,0.547,5.731,65.2,2.7592,6,432,17.8,391.5,13.61,19.3,0.13519500804868875,32.844361,75.37951491886233,2.374803699179899,0.19824586836764282,242.258,179.89984
0.06899,0.0,25.65,0,0.581,5.87,69.7,2.2577,2,188,19.1,389.15,14.37,22.0,0.06671427746220379,34.456900000000005,32.02725724020443,2.4480408858603067,0.2573415422775391,274.467,157.36168999999998
0.07165,0.0,25.65,0,0.581,6.004,84.1,2.1974,2,188,19.1,377.67,14.27,20.3,0.06919951680100443,36.048016,31.312458361092606,2.376748834110593,0.264403385819605,272.557,184.80133999999998
0.09299,0.0,25.65,0,0.581,5.961,92.9,2.0869,2,188,19.1,378.09,17.93,20.5,0.08891706002171539,35.533521,31.538332494547895,3.0078845831236367,0.2784033734246969,342.463,193.87301000000002
0.15038,0.0,25.65,0,0.581,5.856,97.0,1.9444,2,188,19.1,370.31,25.41,17.3,0.14009232257621806,34.292736,32.10382513661202,4.339139344262295,0.29880682987039703,485.331,188.6068
0.09849,0.0,25.65,0,0.581,5.879,95.8,2.0063,2,188,19.1,379.38,17.58,18.8,0.09393650947837956,34.56264099999999,31.978227589726146,2.9903044735499233,0.28958779843492993,335.778,192.20354
0.16902,0.0,25.65,0,0.581,5.986,88.4,1.9929,2,188,19.1,385.02,14.81,21.4,0.15616579098344338,35.832195999999996,31.406615436017375,2.4741062479117946,0.29153494906919564,282.87100000000004,176.17236
0.38735,0.0,25.65,0,0.581,5.613,95.6,1.7572,2,188,19.1,359.29,27.26,15.7,0.3273954526862417,31.505769000000004,33.49367539640121,4.856582932478176,0.330639653994992,520.666,167.98832
0.25915,0.0,21.89,0,0.624,5.693,96.0,1.7883,4,437,21.2,392.11,17.19,16.2,0.23043689014167512,32.41024899999999,76.76093448094151,3.0194976286667843,0.3489347424928703,364.428,171.67680000000001
0.32543,0.0,21.89,0,0.624,6.431,98.8,1.8125,4,437,21.2,396.9,15.39,18.0,0.28173693509215314,41.357761,67.95210698180688,2.3930959415331987,0.34427586206896554,326.26800000000003,179.075
0.88125,0.0,21.89,0,0.624,5.637,94.7,1.9799,4,437,21.2,396.9,18.34,14.3,0.6319364495150488,31.775768999999997,77.52350541067945,3.253503636686181,0.31516743269862113,388.808,187.49653
0.34006,0.0,21.89,0,0.624,6.458,98.9,2.1185,4,437,21.2,395.04,12.6,19.2,0.29271438907980246,41.705764,67.6680086714153,1.9510684422421802,0.29454802926599005,267.12,209.51965
1.19294,0.0,21.89,0,0.624,6.326,97.7,2.271,4,437,21.2,396.9,12.26,19.6,0.7852431092803437,40.01827599999999,69.07998735377807,1.9380335124881443,0.2747688243064729,259.912,221.8767
0.59005,0.0,21.89,0,0.624,6.372,97.9,2.3274,4,437,21.2,385.76,11.12,23.0,0.46376546227858856,40.602384,68.58129315756435,1.7451349654739485,0.26811033771590614,235.74399999999997,227.85246
0.32982,0.0,21.89,0,0.624,5.822,95.4,2.4699,4,437,21.2,388.69,15.03,18.4,0.2850435947287374,33.895684,75.06011679835107,2.5815870834764683,0.25264180736062186,318.63599999999997,235.62846000000002
0.97617,0.0,21.89,0,0.624,5.757,98.4,2.346,4,437,21.2,262.76,17.31,15.6,0.6811606280137663,33.143049,75.90759075907592,3.006774361646691,0.26598465473145777,366.972,230.84640000000002
0.55778,0.0,21.89,0,0.624,6.335,98.2,2.1107,4,437,21.2,394.67,16.96,18.1,0.44326173080273074,40.132225,68.98184688239937,2.6771902131018153,0.29563651869048185,359.552,207.27074000000002
0.32264,0.0,21.89,0,0.624,5.942,93.5,1.9669,4,437,21.2,378.25,16.9,17.4,0.2796297392609525,35.307364,73.544261191518,2.8441602154156844,0.3172504957038995,358.28,183.90515000000002
0.35233,0.0,21.89,0,0.624,6.454,98.4,1.8498,4,437,21.2,394.08,14.59,17.1,0.3018290306776389,41.654115999999995,67.70994731949179,2.260613572977998,0.3373337658125202,309.308,182.02032000000003
0.2498,0.0,21.89,0,0.624,5.857,98.2,1.6686,4,437,21.2,392.04,21.32,13.3,0.22298353851284425,34.304449000000005,74.61157589209493,3.6400887826532355,0.37396619920891766,451.984,163.85652000000002
0.54452,0.0,21.89,0,0.624,6.151,97.9,1.6687,4,437,21.2,396.9,18.46,17.8,0.43471318246714963,37.834801,71.04535847829621,3.001138026337181,0.3739437885779349,391.35200000000003,163.36573
0.2909,0.0,21.89,0,0.624,6.174,93.6,1.6119,4,437,21.2,388.08,24.16,14.0,0.25533964953052657,38.118276,70.78069322967282,3.9131843213475865,0.38712078913083936,512.192,150.87384
1.62864,0.0,21.89,0,0.624,5.019,100.0,1.4394,4,437,21.2,396.9,34.41,14.4,0.9664666021758896,25.190361000000003,87.0691372783423,6.855947399880454,0.4335139641517299,729.4919999999998,143.94
3.32105,0.0,19.58,1,0.871,5.403,100.0,1.3216,5,403,14.7,396.9,26.82,13.4,1.4634984282783583,29.192408999999994,74.58819174532668,4.963908939478068,0.6590496368038741,394.25399999999996,132.16000000000003
4.0974,0.0,19.58,0,0.871,5.468,100.0,1.4118,5,403,14.7,396.9,26.42,15.6,1.6287306058145095,29.899024,73.70153621068032,4.831748354059986,0.6169429097605893,388.374,141.18
2.77974,0.0,19.58,0,0.871,4.903,97.8,1.3459,5,403,14.7,396.9,29.29,11.8,1.3296552241970494,24.039408999999996,82.19457475015298,5.973893534570672,0.6471506055427595,430.563,131.62902
2.37934,0.0,19.58,0,0.871,6.13,100.0,1.4191,5,403,14.7,172.91,27.8,13.8,1.2176804241557975,37.5769,65.74225122349102,4.535073409461664,0.6137692903953209,408.65999999999997,141.91
2.15505,0.0,19.58,0,0.871,5.628,100.0,1.5166,5,403,14.7,169.27,16.65,15.6,1.1490043437281394,31.674384,71.60625444207534,2.958422174840085,0.5743109587234604,244.75499999999997,151.66
2.36862,0.0,19.58,0,0.871,4.926,95.7,1.4608,5,403,14.7,391.71,29.53,14.6,1.2145031649491107,24.265476000000003,81.81079983759642,5.994721883881446,0.596248630887185,434.091,139.79856
2.33099,0.0,19.58,0,0.871,5.186,93.8,1.5296,5,403,14.7,356.99,28.32,17.8,1.2032695571055652,26.894596,77.70921712302352,5.460856151176244,0.5694299163179916,416.304,143.47648
2.73397,0.0,19.58,0,0.871,5.597,94.9,1.5257,5,403,14.7,351.85,21.45,15.4,1.317472010807663,31.326409000000005,72.0028586742898,3.8324102197605856,0.5708854951825392,315.315,144.78893000000002
1.6566,0.0,19.58,0,0.871,6.122,97.3,1.618,5,403,14.7,372.8,14.1,21.5,0.977047109716266,37.478884,65.828160731787,2.303168899052597,0.53831891223733,207.26999999999998,157.4314
1.49632,0.0,19.58,0,0.871,5.404,100.0,1.5916,5,403,14.7,341.6,13.28,19.6,0.9148176474178114,29.203215999999998,74.57438934122872,2.4574389341228717,0.5472480522744408,195.21599999999998,159.16
1.12658,0.0,19.58,1,0.871,5.012,88.0,1.6102,5,403,14.7,343.28,12.12,15.3,0.754515055507092,25.120143999999996,80.40702314445332,2.418196328810854,0.5409265929698174,178.164,141.6976
2.14918,0.0,19.58,0,0.871,5.709,98.5,1.6232,5,403,14.7,261.95,15.79,19.4,1.1471421014887528,32.592681,70.59029602382203,2.765808372744789,0.5365943814687038,232.11299999999997,159.8852
1.41385,0.0,19.58,1,0.871,6.129,96.0,1.7494,5,403,14.7,321.02,15.12,17.0,0.8812229832136547,37.564640999999995,65.75297764725077,2.4669603524229076,0.49788498913913337,222.26399999999998,167.94240000000002
3.53501,0.0,19.58,1,0.871,6.152,82.6,1.7455,5,403,14.7,88.01,15.02,15.6,1.5118272886363335,37.847104,65.50715214564369,2.44148244473342,0.4989974219421369,220.79399999999998,144.1783
2.44668,0.0,19.58,0,0.871,5.272,94.0,1.7364,5,403,14.7,88.63,16.14,13.1,1.2374114488766446,27.793984000000002,76.44157814871016,3.0614567526555385,0.5016125316747293,237.258,163.2216
1.22358,0.0,19.58,0,0.605,6.943,97.4,1.8773,5,403,14.7,363.43,4.59,41.3,0.7991185096332698,48.205248999999995,58.044073167218784,0.6610975082817226,0.32227134714749905,67.473,182.84902
1.34284,0.0,19.58,0,0.605,6.066,100.0,1.7573,5,403,14.7,353.89,6.43,24.3,0.8513638686748988,36.796355999999996,66.43587207385427,1.0600065941312231,0.34427815398622885,94.52099999999999,175.73000000000002
1.42502,0.0,19.58,0,0.871,6.51,100.0,1.7659,5,403,14.7,364.31,7.39,23.3,0.8858397717781171,42.3801,61.904761904761905,1.1351766513056836,0.4932329123959454,108.633,176.59
1.27346,0.0,19.58,1,0.605,6.25,92.6,1.7984,5,403,14.7,338.92,5.5,27.0,0.8213029001101178,39.0625,64.48,0.88,0.33641014234875444,80.85,166.53184
2.24236,0.0,19.58,0,0.605,5.854,91.8,2.422,5,403,14.7,395.11,11.64,22.7,1.176301459715032,34.269316,68.8418175606423,1.9883840109326956,0.24979355904211392,171.108,222.33960000000002
2.924,0.0,19.58,0,0.605,6.101,93.0,2.2834,5,403,14.7,240.16,9.81,25.0,1.3671115417031166,37.222201,66.05474512375021,1.6079331257170957,0.2649557677148113,144.207,212.3562
1.80028,0.0,19.58,0,0.605,5.877,79.2,2.4259,5,403,14.7,227.61,12.14,23.8,1.0297194121814917,34.539128999999996,68.57240088480518,2.0656797685894164,0.2493919782348819,178.458,192.13128
2.3004,0.0,19.58,0,0.605,6.319,96.1,2.1,5,403,14.7,297.09,11.1,23.8,1.194043673248051,39.929761,63.77591391042887,1.7566070580788098,0.28809523809523807,163.17,201.81
2.44953,0.0,19.58,0,0.605,6.402,95.2,2.2625,5,403,14.7,330.04,11.32,22.3,1.2382379898788045,40.985604,62.94907841299594,1.768197438300531,0.26740331491712704,166.404,215.39000000000001
1.20742,0.0,19.58,0,0.605,5.875,94.6,2.4259,5,403,14.7,292.29,14.43,17.4,0.7918244127486899,34.515625,68.59574468085107,2.4561702127659575,0.2493919782348819,212.12099999999998,229.49013999999997
2.3139,0.0,19.58,0,0.605,5.88,97.3,2.3887,5,403,14.7,348.13,12.03,19.1,1.1981257435340087,34.5744,68.5374149659864,2.0459183673469385,0.2532758404152886,176.84099999999998,232.42051
0.13914,0.0,4.05,0,0.51,5.572,88.5,2.5961,5,296,16.6,396.9,14.69,23.1,0.13027359174921221,31.047184,53.122756640344576,2.636396267049533,0.19644851893224455,243.854,229.75484999999998
0.09178,0.0,4.05,0,0.51,6.416,84.1,2.6463,5,296,16.6,395.5,9.04,23.6,0.08780939182440828,41.16505600000001,46.13466334164588,1.4089775561097255,0.19272191361523636,150.064,222.55383
0.08447,0.0,4.05,0,0.51,5.859,68.7,2.7019,5,296,16.6,393.23,9.64,22.6,0.08109138838488845,34.327881,50.520566649598905,1.6453319679126133,0.18875606054998334,160.02400000000003,185.62053000000003
0.06664,0.0,4.05,0,0.51,6.546,33.1,3.1323,5,296,16.6,390.96,5.33,29.4,0.06451352082506596,42.85011600000001,45.218454017720745,0.8142377024136878,0.16281965328991477,88.47800000000001,103.67913
0.07022,0.0,4.05,0,0.51,6.02,47.2,3.5549,5,296,16.6,393.23,10.11,23.2,0.06786423481612996,36.240399999999994,49.16943521594685,1.6794019933554818,0.14346395116599622,167.826,167.79128
0.05425,0.0,4.05,0,0.51,6.315,73.4,3.3175,5,296,16.6,395.6,6.29,24.6,0.05282961364453219,39.879225000000005,46.87252573238321,0.9960411718131432,0.15373021853805577,104.41400000000002,243.5045
0.06642,0.0,4.05,0,0.51,6.86,74.4,2.9153,5,296,16.6,391.27,6.92,29.9,0.06430724439516707,47.0596,43.14868804664723,1.008746355685131,0.1749391143278565,114.87200000000001,216.89832
0.0578,0.0,2.46,0,0.488,6.98,58.4,2.829,3,193,17.8,396.9,5.04,37.2,0.05619127964974249,48.720400000000005,27.65042979942693,0.7220630372492837,0.17249911629551076,89.712,165.2136
0.06588,0.0,2.46,0,0.488,7.765,83.3,2.741,3,193,17.8,395.56,7.56,39.8,0.06380074905066188,60.295224999999995,24.855119124275596,0.9735994848679974,0.1780372126960963,134.568,228.3253
0.06888,0.0,2.46,0,0.488,6.144,62.2,2.5979,3,193,17.8,396.9,9.45,36.2,0.06661137129850155,37.748736,31.412760416666664,1.5380859374999998,0.18784402786866314,168.21,161.58938
0.09103,0.0,2.46,0,0.488,7.155,92.2,2.7006,3,193,17.8,394.12,4.82,37.9,0.087122204181403,51.194025,26.97414395527603,0.673654786862334,0.18070058505517292,85.796,248.99532000000002
0.10008,0.0,2.46,0,0.488,6.563,95.6,2.847,3,193,17.8,396.9,5.68,32.5,0.09538290443255225,43.07296899999999,29.407283254609172,0.8654578698765808,0.17140850017562345,101.104,272.1732
0.08308,0.0,2.46,0,0.488,5.604,89.8,2.9879,3,193,17.8,391.0,13.98,26.4,0.07980883417341514,31.404816,34.43968593861528,2.4946466809421843,0.16332541249707153,248.84400000000002,268.31341999999995
0.06047,0.0,2.46,0,0.488,6.153,68.8,3.2797,3,193,17.8,387.11,13.15,29.6,0.058712206079331676,37.85940899999999,31.36681293677881,2.137168860718349,0.148794097021069,234.07000000000002,225.64336
0.07875,45.0,3.44,0,0.437,6.782,41.1,3.7886,5,398,15.2,393.87,6.68,32.0,0.07580296341550065,45.995524,58.68475375995282,0.9849601887348864,0.11534603811434302,101.53599999999999,155.71146000000002
0.12579,45.0,3.44,0,0.437,6.556,29.1,4.5667,5,398,15.2,382.84,4.56,29.8,0.11848501143594592,42.981136,60.707748627211714,0.6955460646735814,0.09569273216983817,69.312,132.89097
0.0837,45.0,3.44,0,0.437,7.185,38.9,4.5667,5,398,15.2,396.9,5.39,34.9,0.08038111194681247,51.624224999999996,55.39318023660404,0.7501739735560194,0.09569273216983817,81.928,177.64463
0.09068,45.0,3.44,0,0.437,6.951,21.5,6.4798,5,398,15.2,377.68,5.1,37.0,0.08680135493654227,48.31640099999999,57.25794849661919,0.7337073802330599,0.06744035309731782,77.52,139.3157
0.06911,45.0,3.44,0,0.437,6.739,30.8,6.4798,5,398,15.2,389.71,4.69,30.5,0.06682652665553059,45.414121,59.059207597566406,0.6959489538507198,0.06744035309731782,71.288,199.57784
0.08664,45.0,3.44,0,0.437,7.178,26.3,6.4798,5,398,15.2,390.49,2.87,36.4,0.08309036653209825,51.523683999999996,55.447199777096685,0.3998328225132349,0.06744035309731782,43.624,170.41874
0.02187,60.0,2.93,0,0.401,6.8,9.9,6.2196,1,265,15.6,393.37,5.03,31.1,0.021634282125149704,46.239999999999995,38.970588235294116,0.7397058823529412,0.06447359958839798,78.468,61.574040000000004
0.01439,60.0,2.93,0,0.401,6.604,18.8,6.2196,1,265,15.6,376.7,4.38,29.1,0.01428744660806955,43.612816,40.127195639006665,0.6632344033918837,0.06447359958839798,68.328,116.92848000000001
0.04011,80.0,1.52,0,0.404,7.287,34.1,7.309,2,329,12.6,396.9,4.08,33.3,0.039326476790879826,53.100369,45.14889529298751,0.5599011939069576,0.055274319332330006,51.408,249.23690000000002
0.04666,80.0,1.52,0,0.404,7.107,36.6,7.309,2,329,12.6,354.31,8.61,30.3,0.04560414180501583,50.509449000000004,46.292387786689176,1.2114816378218656,0.055274319332330006,108.48599999999999,267.5094
0.03768,80.0,1.52,0,0.404,7.274,38.3,7.309,2,329,12.6,392.2,6.62,34.6,0.03698745205028059,52.911076,45.22958482265604,0.9100907341215287,0.055274319332330006,83.41199999999999,279.93469999999996
0.0315,95.0,1.47,0,0.403,6.975,15.3,7.6534,3,402,17.0,396.9,4.56,34.9,0.03101405352916946,48.650625,57.63440860215054,0.653763440860215,0.0526563357462043,77.52,117.09702000000001
0.01778,95.0,1.47,0,0.403,7.135,13.9,7.6534,3,402,17.0,384.3,4.45,32.9,0.017623784753549428,50.908224999999995,56.341976173791174,0.6236860546601262,0.0526563357462043,75.65,106.38226
0.03445,82.5,2.03,0,0.415,6.162,38.4,6.27,2,348,14.7,393.77,7.43,24.1,0.03386988450761521,37.970244,56.475170399221035,1.2057773450178513,0.06618819776714514,109.22099999999999,240.76799999999997
0.02177,82.5,2.03,0,0.415,7.61,15.7,6.27,2,348,14.7,395.38,3.11,42.3,0.021536417530524612,57.9121,45.729303547963205,0.40867279894875164,0.06618819776714514,45.717,98.439
0.0351,95.0,2.68,0,0.4161,7.853,33.2,5.118,4,224,14.7,392.78,3.81,48.5,0.03449804040756744,61.669608999999994,28.524130905386478,0.4851649051317968,0.0813012895662368,56.007,169.91760000000002
0.13642,0.0,10.59,0,0.489,5.891,22.3,3.9454,4,277,18.6,396.9,10.87,22.6,0.12788297027984558,34.703881,47.02087930741809,1.845187574265829,0.12394180564708268,202.182,87.98242
0.22969,0.0,10.59,0,0.489,6.326,52.5,4.3549,4,277,18.6,394.87,10.97,24.4,0.20676210509846787,40.01827599999999,43.78754347138793,1.734113183686374,0.1122873085489908,204.04200000000003,228.63225
0.25199,0.0,10.59,0,0.489,5.783,72.7,4.3549,4,277,18.6,389.43,18.06,22.5,0.22473428542556148,33.44308900000001,47.89901435241224,3.1229465675255055,0.1122873085489908,335.916,316.60123
0.13587,0.0,10.59,1,0.489,6.064,59.1,4.2392,4,277,18.6,381.32,14.66,24.4,0.12739887713087172,36.772096,45.67941952506596,2.41754617414248,0.11535195319871673,272.67600000000004,250.53672000000003
0.43571,0.0,10.59,1,0.489,5.344,100.0,3.875,4,277,18.6,396.9,23.09,20.0,0.3616595003706892,28.558336000000004,51.83383233532934,4.320733532934131,0.12619354838709676,429.47400000000005,387.5
0.17446,0.0,10.59,1,0.489,5.96,92.1,3.8771,4,277,18.6,393.25,17.27,21.7,0.1608084674913248,35.5216,46.47651006711409,2.8976510067114094,0.12612519666761238,321.22200000000004,357.08090999999996
0.37578,0.0,10.59,1,0.489,5.404,88.6,3.665,4,277,18.6,395.24,23.98,19.3,0.31902084300745703,29.203215999999998,51.258327165062916,4.437453737971873,0.13342428376534787,446.028,324.719
0.21719,0.0,10.59,1,0.489,5.807,53.8,3.6526,4,277,18.6,390.94,16.03,22.4,0.19654492343019744,33.72124900000001,47.70105045634578,2.7604615119683142,0.13387723813174177,298.1580000000001,196.50987999999998
0.14052,0.0,10.59,0,0.489,6.375,32.3,3.9454,4,277,18.6,385.81,9.38,28.1,0.1314842987568961,40.640625,43.450980392156865,1.471372549019608,0.12394180564708268,174.46800000000002,127.43641999999998
0.28955,0.0,10.59,0,0.489,5.412,9.8,3.5875,4,277,18.6,348.93,29.55,23.7,0.2542933203064257,29.289744,51.18255728011825,5.460088691796009,0.13630662020905923,549.6300000000001,35.1575
0.19802,0.0,10.59,0,0.489,6.182,42.4,3.9454,4,277,18.6,393.63,9.47,25.0,0.18067019404472417,38.217124000000005,44.807505661598185,1.5318667098026528,0.12394180564708268,176.14200000000002,167.28495999999998
0.0456,0.0,13.89,1,0.55,5.888,56.0,3.1121,5,276,16.4,392.8,13.51,23.3,0.04459088332787514,34.668544,46.875,2.294497282608696,0.1767295395392179,221.56399999999996,174.2776
0.07013,0.0,13.89,0,0.55,6.642,85.1,3.4211,5,276,16.4,392.78,9.69,28.7,0.0677801364209581,44.116164000000005,41.55374887082204,1.4588979223125562,0.16076700476454941,158.91599999999997,291.13561
0.11069,0.0,13.89,1,0.55,5.951,93.8,2.8893,5,276,16.4,396.9,17.92,21.5,0.10498144381917449,35.414401,46.378759872290374,3.011258611997984,0.19035752604437062,293.888,271.01634
0.11425,0.0,13.89,1,0.55,6.373,92.4,3.3633,5,276,16.4,393.74,10.5,23.0,0.10818153284452815,40.615129,43.307704377844026,1.647575710026675,0.16352986650016355,172.2,310.76892000000004
0.35809,0.0,6.2,1,0.507,6.951,88.5,2.8617,8,307,17.4,391.7,9.71,26.7,0.3060793008727377,48.31640099999999,44.166307006186166,1.3969213062868655,0.1771674179683405,168.954,253.26045
0.40771,0.0,6.2,1,0.507,6.164,91.3,3.048,8,307,17.4,395.24,21.46,21.7,0.341964270612869,37.994896,49.80532121998702,3.4815055158987676,0.16633858267716536,373.404,278.2824
0.62356,0.0,6.2,1,0.507,6.879,77.7,3.2721,8,307,17.4,390.39,9.93,27.5,0.4846212690691169,47.320640999999995,44.62857973542666,1.4435237679895334,0.15494636471990464,172.78199999999998,254.24217000000002
0.6147,0.0,6.2,0,0.507,6.618,80.8,3.2721,8,307,17.4,396.9,7.6,30.1,0.47914918090543834,43.797924,46.38863705046842,1.1483831973405862,0.15494636471990464,132.23999999999998,264.38568
0.31533,0.0,6.2,0,0.504,8.266,78.3,2.8944,8,307,17.4,385.05,4.14,44.8,0.2740875847172427,68.326756,37.14009194289862,0.5008468424872973,0.17412935323383083,72.03599999999999,226.63152
0.38214,0.0,6.2,0,0.504,8.04,86.5,3.2157,8,307,17.4,387.38,3.13,37.6,0.32363302267493305,64.64159999999998,38.18407960199006,0.3893034825870647,0.15673103834312901,54.461999999999996,278.15805
0.41238,0.0,6.2,0,0.504,7.163,79.9,3.2157,8,307,17.4,372.08,6.36,31.6,0.3452762246773023,51.308569000000006,42.85913723300293,0.8878961329052073,0.15673103834312901,110.664,256.93443
0.29819,0.0,6.2,0,0.504,7.686,17.0,3.3751,8,307,17.4,377.51,3.92,46.7,0.2609709866142154,59.074596,39.942753057507154,0.5100182149362478,0.1493289087730734,68.208,57.37670000000001
0.44178,0.0,6.2,0,0.504,6.552,21.4,3.3751,8,307,17.4,380.34,3.76,31.5,0.36587846134267826,42.928703999999996,46.855921855921856,0.5738705738705738,0.1493289087730734,65.42399999999999,72.22714
0.537,0.0,6.2,0,0.504,5.981,68.1,3.6715,8,307,17.4,378.35,11.65,24.3,0.42983246455645885,35.772361,51.32920916234743,1.9478348102324028,0.13727359389895138,202.70999999999998,250.02915
0.46296,0.0,6.2,0,0.504,7.412,76.9,3.6715,8,307,17.4,376.14,5.25,31.7,0.38046178058424046,54.937744,41.419320021586614,0.7083108472746897,0.13727359389895138,91.35,282.33835000000005
0.57529,0.0,6.2,0,0.507,8.337,73.3,3.8384,8,307,17.4,385.91,2.47,41.7,0.45443938231243075,69.505569,36.8237975290872,0.2962696413578026,0.1320862859524802,42.978,281.35472
0.33147,0.0,6.2,0,0.507,8.247,70.4,3.6519,8,307,17.4,378.95,3.95,48.3,0.2862835950379259,68.013009,37.225657814963014,0.4789620468048988,0.13883184095950055,68.73,257.09376000000003
0.44791,0.0,6.2,1,0.507,6.726,66.5,3.6519,8,307,17.4,360.2,8.05,29.0,0.37012113733570884,45.239076,45.643770443056795,1.1968480523342255,0.13883184095950055,140.07,242.85135
0.33045,0.0,6.2,0,0.507,6.086,61.5,3.6519,8,307,17.4,376.75,10.88,24.0,0.28551723087226977,37.039396,50.44364114360828,1.787709497206704,0.13883184095950055,189.312,224.59185
0.52058,0.0,6.2,1,0.507,6.631,76.5,4.148,8,307,17.4,388.45,9.54,25.1,0.41909184102282127,43.970161000000004,46.29769265570803,1.4386970291057155,0.12222757955641274,165.99599999999998,317.322
0.51183,0.0,6.2,0,0.507,7.358,71.6,4.148,8,307,17.4,390.07,4.73,31.5,0.4133208375737469,54.14016399999999,41.723294373471056,0.6428377276433814,0.12222757955641274,82.302,296.99679999999995
0.08244,30.0,4.93,0,0.428,6.481,18.5,6.1899,6,300,16.6,379.41,6.36,23.7,0.07921775210662887,42.003361,46.28915290850178,0.9813300416602377,0.06914489733275174,105.57600000000001,114.51315
0.09252,30.0,4.93,0,0.428,6.606,42.2,6.1899,6,300,16.6,383.78,7.37,23.3,0.08848695445619936,43.639236,45.41326067211626,1.1156524371783227,0.06914489733275174,122.34200000000001,261.21378
0.11329,30.0,4.93,0,0.428,6.897,54.3,6.3361,6,300,16.6,391.25,11.38,22.0,0.10731959540732398,47.568609,43.49717268377555,1.6499927504712195,0.06754943892930983,188.90800000000002,344.05023
0.10612,30.0,4.93,0,0.428,6.095,65.1,6.3361,6,300,16.6,394.62,12.4,20.1,0.10085839631038275,37.149024999999995,49.22067268252666,2.034454470877769,0.06754943892930983,205.84000000000003,412.48010999999997
0.1029,30.0,4.93,0,0.428,6.358,52.9,7.0355,6,300,16.6,372.75,11.22,22.2,0.09794307432996417,40.424164,47.18464926077383,1.7647058823529413,0.06083434013218677,186.25200000000004,372.17795
0.12757,30.0,4.93,0,0.428,6.393,7.8,7.0355,6,300,16.6,374.71,5.19,23.7,0.12006487472475483,40.870449,46.926325668700144,0.8118254340685125,0.06083434013218677,86.15400000000001,54.8769
0.20608,22.0,5.86,0,0.431,5.593,76.5,7.9549,7,330,19.1,372.49,12.5,17.6,0.18737543109663357,31.281648999999998,59.002324333988916,2.2349365278026103,0.05418044224314573,238.75000000000003,608.54985
0.19133,22.0,5.86,0,0.431,5.605,70.2,7.9549,7,330,19.1,389.13,18.46,18.5,0.17507033007976175,31.416025000000005,58.87600356824264,3.293487957181088,0.05418044224314573,352.58600000000007,558.43398
0.33983,22.0,5.86,0,0.431,6.108,34.9,8.0555,7,330,19.1,390.18,9.16,24.3,0.2925427402430482,37.307663999999995,54.02750491159136,1.4996725605762935,0.05350381726770529,174.95600000000002,281.13695
0.19657,22.0,5.86,0,0.431,6.226,79.2,8.0555,7,330,19.1,376.14,10.15,20.5,0.1794591306249127,38.763076,53.003533568904594,1.630260199164793,0.05350381726770529,193.865,637.9956000000001
0.16439,22.0,5.86,0,0.431,6.433,49.1,7.8265,7,330,19.1,374.71,9.52,24.5,0.1521973447384029,41.383489,51.29799471475206,1.4798694232861807,0.05506931578611129,181.832,384.28115
0.19073,22.0,5.86,0,0.431,6.718,17.5,7.8265,7,330,19.1,393.74,6.56,26.2,0.17456656442088753,45.131524,49.121762429294435,0.976481095564156,0.05506931578611129,125.296,136.96375
0.1403,22.0,5.86,0,0.431,6.487,13.0,7.3967,7,330,19.1,396.28,5.9,24.4,0.1312913856811757,42.081169,50.87097271466009,0.9095113303530138,0.058269228169318746,112.69000000000001,96.1571
0.21409,22.0,5.86,0,0.431,6.438,8.9,7.3967,7,330,19.1,377.07,3.59,24.8,0.19399482498004605,41.447843999999996,51.258154706430574,0.5576265921093507,0.058269228169318746,68.569,65.83063
0.08221,22.0,5.86,0,0.431,6.957,6.8,8.9067,7,330,19.1,386.09,3.53,29.6,0.07900524661995387,48.399848999999996,47.4342388960759,0.5074026160701451,0.04839053746056339,67.423,60.565560000000005
0.36894,22.0,5.86,0,0.431,8.259,8.4,8.9067,7,330,19.1,396.9,3.54,42.8,0.31403671773445885,68.21108100000001,39.95641118779513,0.4286233200145296,0.04839053746056339,67.614,74.81628
0.04819,80.0,3.64,0,0.392,6.108,32.0,9.2203,1,315,16.4,392.89,6.57,21.9,0.04706486717633035,37.307663999999995,51.57170923379175,1.075638506876228,0.042514885632788525,107.74799999999999,295.0496
0.03548,80.0,3.64,0,0.392,5.876,19.1,9.2203,1,315,16.4,395.18,9.25,20.9,0.034865087326079396,34.527376000000004,53.60789652825051,1.5742001361470388,0.042514885632788525,151.7,176.10773
0.01538,90.0,3.75,0,0.394,7.454,34.2,6.3361,3,244,15.9,386.34,3.11,44.0,0.01526292666591237,55.562115999999996,32.73410249530453,0.41722565065736517,0.06218336200501886,49.449,216.69462000000001
0.66351,20.0,3.97,0,0.647,7.333,100.0,1.8946,5,264,13.0,383.29,7.79,36.0,0.508929827880027,53.772889,36.00163643801991,1.0623210145915722,0.3414968858862029,101.27,189.46
0.65665,20.0,3.97,0,0.647,6.842,100.0,2.0107,5,264,13.0,391.93,6.9,30.1,0.5047974910276488,46.812963999999994,38.58520900321544,1.0084770534931307,0.3217784851046899,89.7,201.07
0.54011,20.0,3.97,0,0.647,7.203,81.8,2.1121,5,264,13.0,392.8,9.59,33.8,0.4318538424460674,51.883209,36.65139525197834,1.3313896987366374,0.30633019269920936,124.67,172.76978
0.53412,20.0,3.97,0,0.647,7.52,89.4,2.1398,5,264,13.0,388.37,7.26,43.1,0.42795692674339125,56.550399999999996,35.1063829787234,0.9654255319148937,0.30236470698196094,94.38,191.29812
0.52014,20.0,3.97,0,0.647,8.398,91.5,2.2885,5,264,13.0,386.86,5.91,48.8,0.4188024358799136,70.526404,31.43605620385806,0.7037389854727316,0.28271793751365526,76.83,209.39775
0.82526,20.0,3.97,0,0.647,7.327,94.5,2.0788,5,264,13.0,393.42,11.25,31.0,0.6017224426405978,53.684929,36.03111778354033,1.535416951003139,0.31123725226091975,146.25,196.44660000000002
0.55007,20.0,3.97,0,0.647,7.206,91.6,1.9301,5,264,13.0,387.89,8.1,36.5,0.4383000912017374,51.926436,36.63613655287261,1.1240632805995003,0.3352157919278794,105.3,176.79716
0.76162,20.0,3.97,0,0.647,5.56,62.8,1.9865,5,264,13.0,392.4,10.45,22.8,0.5662338402369981,30.913599999999995,47.48201438848921,1.879496402877698,0.32569846463629504,135.85,124.75219999999999
0.7857,20.0,3.97,0,0.647,7.014,84.6,2.1329,5,264,13.0,384.07,14.79,30.7,0.579810495220942,49.196196,37.63900769888794,2.1086398631308807,0.3033428665197619,192.26999999999998,180.44333999999998
0.5405,20.0,3.97,0,0.575,7.47,52.6,2.872,5,264,13.0,390.3,3.16,43.5,0.43210703905458553,55.8009,35.34136546184739,0.4230254350736279,0.20020891364902507,41.08,151.06719999999999
0.09065,20.0,6.96,1,0.464,5.92,61.5,3.9175,3,223,18.6,391.34,13.65,20.7,0.08677384878203848,35.0464,37.66891891891892,2.3057432432432434,0.11844288449266115,253.89000000000001,240.92625
0.29916,20.0,6.96,0,0.464,5.856,42.1,4.429,3,223,18.6,388.65,13.0,21.1,0.26171790177397086,34.292736,38.080601092896174,2.219945355191257,0.10476405509144276,241.8,186.4609
0.16211,20.0,6.96,0,0.464,6.24,16.3,4.429,3,223,18.6,396.9,6.59,25.2,0.1502373183211034,38.9376,35.73717948717949,1.0560897435897436,0.10476405509144276,122.57400000000001,72.1927
0.1146,20.0,6.96,0,0.464,6.538,58.7,3.9175,3,223,18.6,394.96,7.73,24.4,0.10849559615329893,42.745444000000006,34.10828999694096,1.1823187519118996,0.11844288449266115,143.77800000000002,229.95725000000002
0.22188,20.0,6.96,1,0.464,7.691,51.8,4.3665,3,223,18.6,390.77,6.58,35.2,0.2003906562548323,59.151481,28.994929137953452,0.8555454427252633,0.10626359784724608,122.388,226.1847
0.05644,40.0,6.41,1,0.447,6.758,32.9,4.0776,4,254,17.6,396.9,3.53,32.4,0.05490476516928596,45.670564,37.58508434448061,0.5223438887244747,0.10962330782813419,62.128,134.15304
0.09604,40.0,6.41,0,0.447,6.854,42.8,4.2673,4,254,17.6,396.9,2.98,32.0,0.09170368421021316,46.977316,37.058651882112635,0.43478260869565216,0.10475007616056993,52.448,182.64043999999998
0.10469,40.0,6.41,1,0.447,7.267,49.0,4.7872,4,254,17.6,389.25,6.05,33.2,0.09956475262374566,52.80928900000001,34.9525251135269,0.8325306178615659,0.0933739973262032,106.48,234.57280000000003
0.06127,40.0,6.41,1,0.447,6.826,27.6,4.8628,4,254,17.6,393.45,4.16,33.1,0.059466304166666525,46.594275999999994,37.21066510401407,0.6094345150893643,0.09192234926379864,73.21600000000001,134.21328
0.07978,40.0,6.41,0,0.447,6.482,32.1,4.1403,4,254,17.6,396.9,7.19,29.1,0.07675731668200717,42.016324000000004,39.185436593643935,1.1092255476704722,0.10796319107311066,126.54400000000001,132.90363
0.21038,20.0,3.33,0,0.4429,6.812,32.2,4.1007,5,216,14.9,396.9,4.85,35.1,0.19093435989217727,46.403344000000004,31.708749266001174,0.7119788608338226,0.10800595020362379,72.265,132.04254
0.03578,20.0,3.33,0,0.4429,7.82,64.5,4.6947,5,216,14.9,387.31,3.76,45.4,0.035154766074375454,61.15240000000001,27.621483375959077,0.4808184143222506,0.09434042643832406,56.024,302.80815
0.03705,20.0,3.33,0,0.4429,6.968,37.2,5.2447,5,216,14.9,392.23,4.59,35.4,0.0363801440927505,48.553024,30.998851894374283,0.6587256027554534,0.08444715617671174,68.391,195.10284000000001
0.06129,20.0,3.33,1,0.4429,7.645,49.7,5.2119,5,216,14.9,377.07,3.01,46.0,0.05948514933476599,58.44602499999999,28.25376062786135,0.3937213865271419,0.08497860665016597,44.849,259.03143
0.00906,90.0,2.97,0,0.4,7.088,20.8,7.3073,1,285,15.3,394.72,7.85,32.2,0.00901920442015993,50.239744,40.20880361173815,1.1075056433408577,0.05473978076717803,120.105,151.99184
0.01096,55.0,2.25,0,0.389,6.453,31.9,7.3073,1,300,15.3,394.72,8.23,22.0,0.010900374468288251,41.641209,46.49000464900046,1.275375794204246,0.053234436796080635,125.91900000000001,233.10286999999997
0.01965,80.0,1.76,0,0.385,6.23,31.5,9.0892,1,241,18.2,341.6,12.93,20.1,0.01945943115621908,38.812900000000006,38.68378812199037,2.075441412520064,0.04235796329709986,235.326,286.3098
0.03871,52.5,5.32,0,0.405,6.209,31.3,7.3172,6,293,16.6,396.9,7.14,23.2,0.03797955862417436,38.551680999999995,47.18956353680142,1.1499436302142052,0.05534904061662932,118.524,229.02836
0.0459,52.5,5.32,0,0.405,6.315,45.6,7.3172,6,293,16.6,396.9,7.6,22.3,0.04487775877808546,39.879225000000005,46.39746634996041,1.2034837688044338,0.05534904061662932,126.16000000000001,333.66432
0.04297,52.5,5.32,0,0.405,6.565,22.9,7.3172,6,293,16.6,371.72,9.51,24.8,0.04207241242184151,43.099225000000004,44.630616907844626,1.4485910129474484,0.05534904061662932,157.866,167.56387999999998
0.03502,80.0,4.95,0,0.411,6.861,27.9,5.1167,4,245,19.2,396.9,3.33,28.5,0.03442075020213025,47.073321,35.70908030899286,0.48535198950590297,0.080325209607755,63.936,142.75592999999998
0.07886,80.0,4.95,0,0.411,7.148,27.7,5.1167,4,245,19.2,396.9,3.56,37.3,0.07590492808946425,51.093903999999995,34.275321768326805,0.4980414101846671,0.080325209607755,68.352,141.73259
0.03615,80.0,4.95,0,0.411,6.63,23.4,5.1167,4,245,19.2,396.9,4.7,27.9,0.03551192100135956,43.9569,36.95324283559578,0.7088989441930619,0.080325209607755,90.24,119.73077999999998
0.08265,0.0,13.92,0,0.437,6.127,18.4,5.5027,4,289,16.0,396.9,8.58,23.9,0.07941173942416167,37.540129,47.16827158478864,1.4003590664272891,0.07941555963436131,137.28,101.24967999999998
0.08199,0.0,13.92,0,0.437,6.009,42.3,5.5027,4,289,16.0,396.9,10.4,21.7,0.07880193823740345,36.108081000000006,48.094524879347645,1.7307372274920951,0.07941555963436131,166.4,232.76421
0.12932,0.0,13.92,0,0.437,6.678,31.1,5.9604,4,289,16.0,396.9,6.27,28.6,0.12161568167655973,44.595684,43.2764300688829,0.9389038634321653,0.07331722703174284,100.32,185.36844
0.05372,0.0,13.92,0,0.437,6.549,51.0,5.9604,4,289,16.0,392.85,7.39,27.1,0.052326760177767426,42.88940100000001,44.12887463734921,1.1284165521453655,0.07331722703174284,118.24,303.9804
0.14103,0.0,13.92,0,0.437,5.79,58.0,6.32,4,289,16.0,396.9,15.84,20.3,0.13193136325997015,33.5241,49.913644214162346,2.7357512953367875,0.06914556962025316,253.44,366.56
0.06466,70.0,2.24,0,0.4,6.345,20.1,7.8278,5,358,14.8,368.24,4.97,22.5,0.06265549936434228,40.259024999999994,56.42237982663515,0.7832939322301025,0.05109992590510744,73.556,157.33878
0.05561,70.0,2.24,0,0.4,7.041,10.0,7.8278,5,358,14.8,371.58,4.74,29.0,0.054118798887496024,49.575681,50.84505041897457,0.6731998295696634,0.05109992590510744,70.152,78.27799999999999
0.04417,70.0,2.24,0,0.4,6.871,47.4,7.8278,5,358,14.8,390.86,6.07,24.8,0.04322231145326899,47.210641,52.10304176975695,0.8834230825207393,0.05109992590510744,89.83600000000001,371.03772
0.03537,34.0,6.09,0,0.433,6.59,40.4,5.4917,7,329,16.1,395.75,9.5,22.0,0.034758850756454886,43.4281,49.92412746585736,1.4415781487101669,0.07884625889979424,152.95000000000002,221.86468
0.09266,34.0,6.09,0,0.433,6.495,18.4,5.4917,7,329,16.1,383.61,8.67,26.4,0.0886150903536463,42.185025,50.65434949961509,1.3348729792147807,0.07884625889979424,139.58700000000002,101.04727999999999
0.1,34.0,6.09,0,0.433,6.982,17.7,5.4917,7,329,16.1,390.43,4.86,33.1,0.09531017980432487,48.748324000000004,47.121168719564594,0.6960756230306503,0.07884625889979424,78.24600000000001,97.20308999999999
0.05515,33.0,2.18,0,0.472,7.236,41.1,4.022,7,222,18.4,393.68,6.93,36.1,0.05368293691618483,52.359696,30.679933665008292,0.9577114427860697,0.11735454997513674,127.51199999999999,165.3042
0.05479,33.0,2.18,0,0.472,6.616,58.1,3.37,7,222,18.4,393.36,8.93,28.4,0.053341694981823305,43.77145599999999,33.55501813784765,1.349758162031439,0.1400593471810089,164.31199999999998,195.797
0.07503,33.0,2.18,0,0.472,7.42,71.9,3.0992,7,222,18.4,396.9,6.47,33.4,0.07234856816697788,55.0564,29.919137466307276,0.8719676549865228,0.15229736706246771,119.04799999999999,222.83248000000003
0.04932,33.0,2.18,0,0.472,6.849,70.3,3.1827,7,222,18.4,396.9,7.53,28.2,0.04814233532601415,46.908801000000004,32.413491020586946,1.0994305738063952,0.14830175637037735,138.552,223.74381
0.49298,0.0,9.9,0,0.544,6.635,82.5,3.3175,4,304,18.4,396.9,4.54,22.8,0.4007741226200408,44.023225,45.81763376036172,0.6842501883948757,0.16397889977392616,83.53599999999999,273.69374999999997
0.3494,0.0,9.9,0,0.544,5.972,76.7,3.1025,4,304,18.4,396.24,9.97,20.3,0.29966004921118794,35.664784000000004,50.904219691895506,1.6694574681848626,0.17534246575342466,183.448,237.96175000000002
2.63548,0.0,9.9,0,0.544,4.973,37.8,2.5194,4,304,18.4,350.45,12.64,16.1,1.290741151786282,24.730729,61.13010255379047,2.5417253167102354,0.21592442645074225,232.576,95.23331999999999
0.79041,0.0,9.9,0,0.544,6.122,52.8,2.6403,4,304,18.4,396.9,5.98,22.1,0.5824446439039829,37.478884,49.65697484482195,0.9768049656974845,0.2060371927432489,110.032,139.40784
0.26169,0.0,9.9,0,0.544,6.023,90.4,2.834,4,304,18.4,396.3,11.72,19.4,0.2324520921057716,36.276529,50.47318611987382,1.9458741490951355,0.19195483415666903,215.648,256.1936
0.26938,0.0,9.9,0,0.544,6.266,82.8,3.2628,4,304,18.4,393.39,7.9,21.6,0.2385285922910863,39.262756,48.51579955314395,1.2607724225981487,0.1667279637121491,145.35999999999999,270.15984
0.3692,0.0,9.9,0,0.544,6.567,87.3,3.6023,4,304,18.4,395.69,9.28,23.8,0.3142266276738932,43.125489,46.292066392568906,1.41312623724684,0.1510146295422369,170.75199999999998,314.48079
0.25356,0.0,9.9,0,0.544,5.705,77.7,3.945,4,304,18.4,396.42,11.5,16.2,0.22598750344594104,32.547025,53.28659070990359,2.0157756354075373,0.1378960709759189,211.6,306.5265
0.31827,0.0,9.9,0,0.544,5.914,83.2,3.9986,4,304,18.4,390.7,18.33,17.8,0.2763202709424078,34.975395999999996,51.403449442002035,3.099425092999662,0.13604761666583304,337.27199999999993,332.68352000000004
0.24522,0.0,9.9,0,0.544,5.782,71.7,4.0317,4,304,18.4,396.9,15.94,19.8,0.21931222113316776,33.431524,52.576962988585265,2.7568315461777932,0.1349306744053377,293.296,289.07289
0.40202,0.0,9.9,0,0.544,6.382,67.2,3.5325,4,304,18.4,395.21,10.36,23.1,0.3379140538458848,40.729924,47.6339705421498,1.6233155750548418,0.153998584571833,190.62399999999997,237.38400000000001
0.47547,0.0,9.9,0,0.544,6.113,58.8,4.0019,4,304,18.4,396.23,12.73,21.0,0.3889765831033406,37.36876900000001,49.73008342875838,2.0824472435792574,0.13593543067043157,234.232,235.31171999999998
0.1676,0.0,7.38,0,0.493,6.426,52.3,4.5404,5,287,19.6,396.9,7.2,23.8,0.15495035999782264,41.293476000000005,44.66230936819172,1.1204481792717087,0.10858074178486476,141.12,237.46292
0.18159,0.0,7.38,0,0.493,6.376,54.3,4.5404,5,287,19.6,396.9,6.87,23.1,0.1668609890983406,40.653376,45.01254705144291,1.0774780426599748,0.10858074178486476,134.65200000000002,246.54371999999998
0.35114,0.0,7.38,0,0.493,6.041,49.9,4.7211,5,287,19.6,396.9,7.7,20.4,0.3009486805521662,36.493681,47.50869061413673,1.2746234067207416,0.10442481625045011,150.92000000000002,235.58289
0.28392,0.0,7.38,0,0.493,5.708,74.3,4.7211,5,287,19.6,391.13,11.74,18.5,0.2499178980307637,32.581264000000004,50.28030833917309,2.0567624386825507,0.10442481625045011,230.104,350.77772999999996
0.34109,0.0,7.38,0,0.493,6.415,40.1,4.7211,5,287,19.6,396.9,6.12,25.0,0.29348271614145116,41.152225,44.738893219017925,0.9540140296180827,0.10442481625045011,119.95200000000001,189.31611
0.19186,0.0,7.38,0,0.493,6.431,14.7,5.4159,5,287,19.6,393.68,5.08,24.6,0.17551511208097656,41.357761,44.62758513450474,0.7899238065619655,0.09102826861648111,99.56800000000001,79.61372999999999
0.30347,0.0,7.38,0,0.493,6.312,28.9,5.4159,5,287,19.6,396.9,6.15,23.0,0.2650299391668473,39.84134400000001,45.468948035487955,0.9743346007604563,0.09102826861648111,120.54000000000002,156.51951
0.24103,0.0,7.38,0,0.493,6.083,43.7,5.4159,5,287,19.6,396.9,12.79,22.2,0.21594167998346536,37.002889,47.18066743383199,2.102580963340457,0.09102826861648111,250.684,236.67483000000001
0.06617,0.0,3.24,0,0.46,5.868,25.8,5.2146,4,430,16.9,382.44,9.97,19.3,0.06407278770058891,34.433424,73.2788002726653,1.6990456714383095,0.08821386108234573,168.493,134.53668
0.06724,0.0,3.24,0,0.46,6.333,17.2,5.2146,4,430,16.9,375.21,7.34,22.6,0.06507587673618768,40.106889,67.89831043739144,1.159008368861519,0.08821386108234573,124.04599999999999,89.69112
0.04544,0.0,3.24,0,0.46,6.144,32.2,5.8736,4,430,16.9,368.57,9.09,19.8,0.04443784943056829,37.748736,69.98697916666667,1.4794921875,0.07831653500408609,153.62099999999998,189.12992
0.05023,35.0,6.06,0,0.4379,5.706,28.4,6.6407,1,304,16.9,394.02,12.43,17.1,0.049009187801052775,32.55843600000001,53.277252015422356,2.178408692604276,0.06594184348035599,210.06699999999998,188.59588
0.03466,35.0,6.06,0,0.4379,6.031,23.3,6.6407,1,304,16.9,362.25,7.83,19.4,0.03407287033313542,36.372961,50.40623445531421,1.2982921571878627,0.06594184348035599,132.327,154.72831
0.05083,0.0,5.19,0,0.515,6.316,38.1,6.4584,5,224,20.2,389.71,5.68,22.2,0.049580328098150495,39.891856,35.46548448385054,0.8993033565547814,0.079741112349808,114.73599999999999,246.06504
0.03738,0.0,5.19,0,0.515,6.31,38.5,6.4584,5,224,20.2,389.4,6.75,20.7,0.03669830378267371,39.81609999999999,35.49920760697306,1.06973058637084,0.079741112349808,136.35,248.6484
0.03961,0.0,5.19,0,0.515,6.037,34.5,5.9853,5,224,20.2,396.9,8.01,21.1,0.038845642823198225,36.445369,37.1045221136326,1.32681795593838,0.08604414147995924,161.802,206.49284999999998
0.03427,0.0,5.19,0,0.515,5.869,46.3,5.2311,5,224,20.2,396.9,9.8,19.5,0.03369586385672553,34.445161,38.16663826887034,1.6697904242630774,0.09844965685993387,197.96,242.19992999999997
0.03041,0.0,5.19,0,0.515,5.895,59.6,5.615,5,224,20.2,394.81,10.56,18.5,0.029956781289803308,34.751025,37.998303647158615,1.791348600508906,0.0917186108637578,213.312,334.654
0.03306,0.0,5.19,0,0.515,6.059,37.3,4.8122,5,224,20.2,396.14,8.51,20.6,0.032525271703396835,36.711481,36.969796996203996,1.4045221983825713,0.10701965836831387,171.902,179.49505999999997
0.05497,0.0,5.19,0,0.515,5.985,45.4,4.8122,5,224,20.2,396.9,9.74,19.0,0.053512330504761216,35.820225,37.42690058479532,1.6274018379281536,0.10701965836831387,196.748,218.47387999999998
0.06151,0.0,5.19,0,0.515,5.968,58.5,4.8122,5,224,20.2,396.9,9.29,18.7,0.05969242274798216,35.617024,37.533512064343164,1.5566353887399462,0.10701965836831387,187.658,281.5137
0.01301,35.0,1.52,0,0.442,7.241,49.3,7.0379,1,284,15.5,394.74,5.49,32.7,0.012926096886133677,52.432081,39.22110205772684,0.7581825714680294,0.0628028247062334,85.095,346.96846999999997
0.02498,0.0,1.89,0,0.518,6.54,59.7,6.2669,1,422,15.9,389.96,8.65,16.5,0.024673100204884193,42.7716,64.52599388379205,1.3226299694189603,0.08265649683256475,137.535,374.13393
0.02543,55.0,3.78,0,0.484,6.696,56.4,5.7321,5,370,17.6,396.9,7.18,23.9,0.025112036814854837,44.836416,55.256869772998805,1.0722819593787336,0.0844367683745922,126.36800000000001,323.29044
0.03049,55.0,3.78,0,0.484,6.874,28.1,6.4654,5,370,17.6,387.97,4.61,31.2,0.03003441727412102,47.251875999999996,53.826011056153625,0.6706430026185628,0.07486002412843754,81.13600000000001,181.67774
0.03113,0.0,4.39,0,0.442,6.014,48.5,8.0136,3,352,18.8,385.64,10.53,17.5,0.030655288259616865,36.168196,58.53009644163618,1.7509145327569005,0.05515623440151742,197.964,388.6596
0.06162,0.0,4.39,0,0.442,5.898,52.3,8.0136,3,352,18.8,364.61,12.67,17.2,0.05979604334596572,34.786404,59.68124788063751,2.1481858257036284,0.05515623440151742,238.196,419.11127999999997
0.0187,85.0,4.15,0,0.429,6.516,27.7,8.5353,4,351,17.9,392.43,6.36,23.1,0.018527304613883622,42.458256,53.86740331491713,0.9760589318600369,0.05026185371340199,113.844,236.42780999999997
0.01501,80.0,2.01,0,0.435,6.635,29.7,8.344,4,280,17.0,390.94,5.99,24.5,0.014898464661966655,44.023225,42.20045214770158,0.9027882441597589,0.05213326941514861,101.83,247.81679999999997
0.02899,40.0,1.25,0,0.429,6.939,34.5,8.7921,1,335,19.7,389.85,5.89,26.6,0.028577738631707324,48.149721,48.277849834270064,0.8488254791756736,0.04879380352816733,116.03299999999999,303.32745
0.06211,40.0,1.25,0,0.429,6.49,44.4,8.7921,1,335,19.7,396.9,5.98,22.9,0.06025749561032605,42.1201,51.61787365177196,0.9214175654853621,0.04879380352816733,117.806,390.36924
0.0795,60.0,1.69,0,0.411,6.579,35.9,10.7103,4,411,18.3,370.78,5.49,24.1,0.076497970972725,43.283241,62.47150022799818,0.8344733242134064,0.0383742752303857,100.46700000000001,384.49977
0.07244,60.0,1.69,0,0.411,5.884,18.5,10.7103,4,411,18.3,392.33,7.79,18.6,0.06993642619916388,34.621456,69.85044187627464,1.323929299796057,0.0383742752303857,142.55700000000002,198.14055
0.01709,90.0,2.02,0,0.41,6.728,36.1,12.1265,5,187,17.0,384.46,4.5,30.1,0.016945608726141724,45.265983999999996,27.794292508917955,0.66884661117717,0.033810250278316085,76.5,437.76665
0.04301,80.0,1.91,0,0.413,5.663,21.9,10.5857,4,334,22.0,382.8,8.05,18.2,0.042110763700381956,32.069569,58.979339572664664,1.4215080346106306,0.039014897456001965,177.10000000000002,231.82682999999997
0.10659,80.0,1.91,0,0.413,5.936,19.5,10.5857,4,334,22.0,376.04,5.57,20.6,0.10128321475208404,35.236095999999996,56.26684636118598,0.9383423180592992,0.039014897456001965,122.54,206.42114999999998
8.98296,0.0,18.1,1,0.77,6.212,97.4,2.1222,24,666,20.2,377.73,17.6,17.8,2.3008796395346813,38.588944,107.21184803605925,2.8332260141661303,0.3628310244086326,355.52000000000004,206.70228
3.8497,0.0,18.1,1,0.77,6.395,91.0,2.5052,24,666,20.2,391.34,13.27,21.7,1.578916847366148,40.896024999999995,104.14386239249414,2.075058639562158,0.30736068976528824,268.054,227.9732
5.20177,0.0,18.1,1,0.77,6.127,83.4,2.7227,24,666,20.2,395.43,11.48,22.7,1.8248347351792473,37.540129,108.69920026113923,1.8736739023992168,0.2828075072538289,231.896,227.07318000000004
4.26131,0.0,18.1,0,0.77,6.112,81.3,2.5091,24,666,20.2,390.74,12.67,22.6,1.6603800451716153,37.356544,108.96596858638743,2.0729712041884816,0.3068829460762823,255.934,203.98983
4.54192,0.0,18.1,0,0.77,6.398,88.0,2.5182,24,666,20.2,374.56,7.79,25.0,1.7123410111146564,40.934403999999994,104.09502969678024,1.217567989996874,0.3057739655309348,157.358,221.60160000000002
3.83684,0.0,18.1,0,0.77,6.251,91.1,2.2955,24,666,20.2,350.65,14.19,19.9,1.5762616149393935,39.07500100000001,106.5429531274996,2.270036794112942,0.3354389021999564,286.638,209.12005
3.67822,0.0,18.1,0,0.77,5.362,96.2,2.1036,24,666,20.2,380.79,10.19,20.8,1.5429176957008952,28.751044,124.20738530399105,1.9004102946661692,0.36603917094504657,205.838,202.36632000000003
4.22239,0.0,18.1,1,0.77,5.803,89.0,1.9047,24,666,20.2,353.04,14.64,16.8,1.6529551515173315,33.674808999999996,114.76822333275892,2.522833017404791,0.4042631385520029,295.728,169.5183
3.47428,0.0,18.1,1,0.718,8.78,82.9,1.9047,24,666,20.2,354.55,5.29,21.9,1.4983454449272653,77.0884,75.85421412300684,0.60250569476082,0.37696225127316635,106.85799999999999,157.89963
4.55587,0.0,18.1,0,0.718,3.561,87.9,1.6132,24,666,20.2,354.7,7.12,27.5,1.7148550264902072,12.680721,187.02611625947767,1.9994383600112329,0.4450781056285643,143.82399999999998,141.80028000000001
3.69695,0.0,18.1,0,0.718,4.963,91.4,1.7523,24,666,20.2,316.03,14.0,21.9,1.5469133618955864,24.631369,134.19302841023574,2.8208744710860367,0.40974718940820637,282.8,160.16022
13.5222,0.0,18.1,0,0.631,3.863,100.0,1.5106,24,666,20.2,131.42,13.33,23.1,2.675678513070904,14.922769,172.4048666839244,3.450685995340409,0.4177148153051768,269.266,151.06
11.1081,0.0,18.1,0,0.668,4.906,100.0,1.1742,24,666,20.2,396.9,34.77,13.8,2.493874650127679,24.068835999999997,135.75214023644517,7.087240114145945,0.56889797308806,702.354,117.41999999999999
18.4982,0.0,18.1,0,0.668,4.138,100.0,1.137,24,666,20.2,396.9,37.97,13.8,2.970322153616776,17.123044,160.9473175447076,9.175930401159981,0.5875109938434477,766.9939999999999,113.7
19.6091,0.0,18.1,0,0.671,7.313,97.9,1.3163,24,666,20.2,396.9,13.44,15.0,3.0257327258266167,53.479969,91.07069602078491,1.8378230548338574,0.5097622122616425,271.488,128.86577
15.288,0.0,18.1,0,0.671,6.649,93.3,1.3449,24,666,20.2,363.02,23.24,13.9,2.7904286403681122,44.209201,100.16543841179124,3.495262445480523,0.4989218529258681,469.448,125.47917
9.82349,0.0,18.1,0,0.671,6.794,98.8,1.358,24,666,20.2,396.9,21.24,13.3,2.381718772241792,46.158435999999995,98.02767147483074,3.126287901089196,0.49410898379970547,429.04799999999994,134.1704
23.6482,0.0,18.1,0,0.671,6.38,96.2,1.3861,24,666,20.2,396.9,23.69,13.1,3.204703875510067,40.7044,104.38871473354232,3.713166144200627,0.4840920568501551,478.538,133.34282000000002
17.8667,0.0,18.1,0,0.671,6.223,100.0,1.3861,24,666,20.2,393.74,21.78,10.2,2.937398463323919,38.725729,107.02233649365259,3.4999196529005308,0.4840920568501551,439.956,138.61
15.8744,0.0,18.1,0,0.671,6.545,99.1,1.5192,24,666,20.2,396.9,21.08,10.9,2.825797680570924,42.837025,101.75706646294881,3.2207792207792205,0.441679831490258,425.816,150.55272
9.18702,0.0,18.1,0,0.7,5.536,100.0,1.5804,24,666,20.2,396.9,23.6,11.3,2.321114360892544,30.647295999999997,120.3034682080925,4.2630057803468215,0.4429258415590989,476.72,158.04
7.99248,0.0,18.1,0,0.7,5.52,100.0,1.5331,24,666,20.2,396.9,24.56,12.3,2.19638867250955,30.470399999999994,120.65217391304348,4.449275362318841,0.4565912204031048,496.11199999999997,153.31
20.0849,0.0,18.1,0,0.7,4.368,91.2,1.4395,24,666,20.2,285.83,30.63,8.8,3.04855714447919,19.079424000000003,152.47252747252747,7.012362637362637,0.48627995831886067,618.726,131.2824
16.8118,0.0,18.1,0,0.7,5.277,98.1,1.4261,24,666,20.2,396.9,30.81,7.2,2.879861159011059,27.846729,126.20807276861854,5.838544627629334,0.4908491690624781,622.362,139.90041
24.3938,0.0,18.1,0,0.7,4.652,100.0,1.4672,24,666,20.2,396.9,28.28,10.5,3.2345050497403935,21.641104000000002,143.16423043852106,6.079105760963027,0.47709923664122134,571.256,146.72
22.5971,0.0,18.1,0,0.7,5.0,89.5,1.5184,24,666,20.2,396.9,31.99,7.4,3.1611238231251,25.0,133.2,6.398,0.4610115911485774,646.198,135.89679999999998
14.3337,0.0,18.1,0,0.7,4.88,100.0,1.5895,24,666,20.2,372.92,30.62,10.2,2.730053020578551,23.8144,136.47540983606558,6.274590163934427,0.4403900597672224,618.524,158.95
8.15174,0.0,18.1,0,0.7,5.39,98.9,1.7281,24,666,20.2,396.9,20.85,11.5,2.213944025142987,29.052099999999996,123.56215213358071,3.8682745825602973,0.40506915109079333,421.17,170.90909000000002
6.96215,0.0,18.1,0,0.7,5.713,97.0,1.9265,24,666,20.2,394.43,17.11,15.1,2.0746990638882306,32.638369000000004,116.57622965167162,2.99492385786802,0.3633532312483779,345.62199999999996,186.87050000000002
5.29305,0.0,18.1,0,0.7,6.051,82.5,2.1678,24,666,20.2,378.38,18.76,23.2,1.8394458498493202,36.614601,110.06445215666831,3.100313997686333,0.3229080173447735,378.952,178.8435
11.5779,0.0,18.1,0,0.7,5.036,97.0,1.77,24,666,20.2,396.9,25.68,9.7,2.531941305700138,25.361295999999996,132.2478157267673,5.099285146942018,0.39548022598870053,518.736,171.69
8.64476,0.0,18.1,0,0.693,6.193,92.6,1.7912,24,666,20.2,396.9,15.17,13.8,2.266414762688843,38.353249,107.54077183917326,2.449539803003391,0.3868914694059848,306.43399999999997,165.86512
13.3598,0.0,18.1,0,0.693,5.887,94.7,1.7821,24,666,20.2,396.9,16.35,12.7,2.6644326359464867,34.656769,113.1306268048242,2.7773059283166304,0.3888670669434936,330.27000000000004,168.76487
8.71675,0.0,18.1,0,0.693,6.471,98.8,1.7257,24,666,20.2,391.98,17.12,13.1,2.273851200420946,41.873841,102.92072322670376,2.6456498222840366,0.4015761719881787,345.824,170.49916
5.87205,0.0,18.1,0,0.693,6.405,96.0,1.6768,24,666,20.2,396.9,19.37,12.5,1.9274624605576969,41.024025,103.98126463700234,3.0241998438719753,0.41328721374045796,391.274,160.9728
7.67202,0.0,18.1,0,0.693,5.747,98.9,1.6334,24,666,20.2,393.1,19.92,8.5,2.160101750967694,33.028009,115.88654950408909,3.46615625543762,0.4242683972082772,402.384,161.54326
38.3518,0.0,18.1,0,0.693,5.453,100.0,1.4896,24,666,20.2,396.9,30.59,5.0,3.672541717146316,29.735209000000005,122.13460480469466,5.609756097560975,0.4652255639097744,617.918,148.96
9.91655,0.0,18.1,0,0.693,5.852,77.8,1.5004,24,666,20.2,338.16,29.97,6.3,2.390279986333144,34.245904,113.80724538619275,5.121326042378674,0.46187683284457476,605.394,116.73111999999999
25.0461,0.0,18.1,0,0.693,5.987,100.0,1.5888,24,666,20.2,396.9,26.77,5.6,3.2598680448992714,35.844169,111.24102221479873,4.47135460163688,0.43617824773413894,540.754,158.88
14.2362,0.0,18.1,0,0.693,6.343,100.0,1.5741,24,666,20.2,396.9,20.32,7.2,2.7236741753351374,40.233649,104.99763518839666,3.2035314519943245,0.440251572327044,410.464,157.41
9.59571,0.0,18.1,0,0.693,6.404,100.0,1.639,24,666,20.2,376.11,20.31,12.1,2.360449202216868,41.011216,103.99750156152405,3.1714553404122423,0.42281879194630867,410.26199999999994,163.9
24.8017,0.0,18.1,0,0.693,5.349,96.0,1.7028,24,666,20.2,396.9,19.77,8.3,3.250440381229692,28.611801000000003,124.50925406618059,3.696017947279865,0.40697674418604646,399.354,163.46880000000002
41.5292,0.0,18.1,0,0.693,5.531,85.4,1.6074,24,666,20.2,329.46,27.38,8.5,3.7501908988370403,30.591960999999998,120.4122220213343,4.950280238654854,0.43113101903695406,553.0759999999999,137.27196
20.7162,0.0,18.1,0,0.659,4.138,100.0,1.1781,24,666,20.2,370.22,23.34,11.9,3.0780585258000213,17.123044,160.9473175447076,5.640405993233446,0.5593752652576183,471.46799999999996,117.80999999999999
11.9511,0.0,18.1,0,0.659,5.608,100.0,1.2852,24,666,20.2,332.09,12.13,27.9,2.5611807266231144,31.449663999999995,118.75891583452211,2.162981455064194,0.5127606598194834,245.026,128.51999999999998
7.40389,0.0,18.1,0,0.597,5.617,97.9,1.4547,24,666,20.2,314.64,26.4,17.2,2.1286946938918567,31.550689,118.56863094178387,4.700017803097738,0.4103938956485873,533.28,142.41513
14.4383,0.0,18.1,0,0.597,6.852,100.0,1.4655,24,666,20.2,179.36,19.78,27.5,2.736851434907838,46.949904000000004,97.19789842381786,2.8867483946293055,0.4073694984646878,399.556,146.55
14.0507,0.0,18.1,0,0.597,6.657,100.0,1.5275,24,666,20.2,35.05,21.22,17.2,2.7114245017411593,44.315649,100.04506534474989,3.187622051975364,0.3908346972176759,428.64399999999995,152.75
18.811,0.0,18.1,0,0.597,4.628,100.0,1.5539,24,666,20.2,28.79,34.37,17.9,2.9862373389921895,21.418384,143.9066551426102,7.426534140017285,0.3841946071175751,694.2739999999999,155.39000000000001
28.6558,0.0,18.1,0,0.597,5.155,100.0,1.5894,24,666,20.2,210.97,20.08,16.3,3.3896577218278483,26.574025000000002,129.1949563530553,3.8952473326867114,0.37561343903359756,405.61599999999993,158.94
18.0846,0.0,18.1,0,0.679,6.434,100.0,1.8347,24,666,20.2,27.25,29.05,7.2,2.9488817271093315,41.396356000000004,103.5125893689773,4.515076157911097,0.3700877527661198,586.81,183.47
10.8342,0.0,18.1,0,0.679,6.782,90.8,1.8195,24,666,20.2,21.57,25.79,7.5,2.4709936445680034,45.995524,98.20112061338838,3.8027130639929223,0.37317944490244576,520.958,165.2106
25.9406,0.0,18.1,0,0.679,5.304,89.1,1.6475,24,666,20.2,127.36,26.64,10.4,3.293634442449129,28.132416000000003,125.5656108597285,5.02262443438914,0.4121396054628225,538.128,146.79225
11.8123,0.0,18.1,0,0.718,6.824,76.5,1.794,24,666,20.2,48.45,22.74,8.4,2.5504056470206957,46.566976,97.59671746776084,3.332356389214537,0.40022296544035674,459.34799999999996,137.241
11.0874,0.0,18.1,0,0.718,6.411,100.0,1.8589,24,666,20.2,318.75,15.02,16.7,2.492163587735884,41.10092099999999,103.88394946186243,2.342848229605366,0.3862499327559309,303.404,185.89
7.02259,0.0,18.1,0,0.718,6.006,95.3,1.8746,24,666,20.2,319.98,15.7,14.2,2.0822613123870632,36.072036000000004,110.88911088911088,2.6140526140526137,0.3830150432092179,317.14,178.64938
12.0482,0.0,18.1,0,0.614,5.648,87.6,1.9512,24,666,20.2,291.55,14.1,20.8,2.5686501932208596,31.899903999999996,117.91784702549576,2.496458923512748,0.3146781467814678,284.82,170.92512
7.05042,0.0,18.1,0,0.614,6.103,85.1,2.0218,24,666,20.2,2.52,23.29,13.4,2.085724263982504,37.246609,109.12665902015402,3.816155988857939,0.3036897813829261,470.45799999999997,172.05517999999998
8.79212,0.0,18.1,0,0.584,5.565,70.6,2.0635,24,666,20.2,3.65,17.16,11.7,2.2815779805968406,30.969225000000005,119.6765498652291,3.08355795148248,0.28301429609886114,346.632,145.68309999999997
15.8603,0.0,18.1,0,0.679,5.896,95.4,1.9096,24,666,20.2,7.68,24.39,8.3,2.8249617460097114,34.762816,112.95793758480326,4.136702849389417,0.3555718475073314,492.678,182.17584
12.2472,0.0,18.1,0,0.584,5.837,59.7,1.9976,24,666,20.2,24.65,15.69,10.2,2.5837862093461372,34.070569,114.09970875449717,2.6880246702072985,0.29235082098518217,316.938,119.25672
37.6619,0.0,18.1,0,0.679,6.202,78.7,1.8629,24,666,20.2,18.82,14.52,10.9,3.6548546189770925,38.464804,107.3847146081909,2.341180264430829,0.36448547962853617,293.304,146.61023
7.36711,0.0,18.1,0,0.679,6.193,78.1,1.9356,24,666,20.2,96.73,21.52,11.0,2.1243085441136205,38.353249,107.54077183917326,3.4748910059744875,0.35079561892953093,434.70399999999995,151.17036
9.33889,0.0,18.1,0,0.679,6.38,95.6,1.9682,24,666,20.2,60.72,24.08,9.5,2.335912513221137,40.7044,104.38871473354232,3.7742946708463947,0.34498526572502797,486.41599999999994,188.15991999999997
8.49213,0.0,18.1,0,0.584,6.348,86.1,2.0527,24,666,20.2,83.45,17.64,14.5,2.2504630342235155,40.297104,104.91493383742912,2.7788279773156903,0.28450333706825154,356.328,176.73747
10.0623,0.0,18.1,0,0.584,6.833,94.3,2.0882,24,666,20.2,81.33,19.69,14.1,2.4035429310745737,46.689889,97.46816917898434,2.8816039806819846,0.27966669859208887,397.738,196.91726
6.44405,0.0,18.1,0,0.584,6.425,74.8,2.2004,24,666,20.2,97.95,12.03,16.1,2.0074150555763612,41.280625,103.65758754863813,1.8723735408560311,0.2654062897654971,243.00599999999997,164.58992
5.58107,0.0,18.1,0,0.713,6.436,87.9,2.3158,24,666,20.2,100.19,16.22,14.3,1.8841973460987684,41.422095999999996,103.48042262274704,2.5201988812927283,0.3078849641592538,327.64399999999995,203.55882
13.9134,0.0,18.1,0,0.713,6.208,95.0,2.2222,24,666,20.2,100.63,15.17,11.7,2.7022601376565687,38.539264,107.28092783505154,2.4436211340206184,0.3208532085320853,306.43399999999997,211.109
11.1604,0.0,18.1,0,0.74,6.629,94.6,2.1247,24,666,20.2,109.85,23.27,13.4,2.498184770733843,43.94364099999999,100.46764217830744,3.510333383617439,0.3482844636889914,470.054,200.99661999999998
14.4208,0.0,18.1,0,0.74,6.461,93.3,2.0026,24,666,20.2,27.49,18.05,9.6,2.7357172474638767,41.744521000000006,103.08001857297631,2.793685188051385,0.36951962448816533,364.61,186.84258
15.1772,0.0,18.1,0,0.74,6.152,100.0,1.9142,24,666,20.2,9.32,26.45,8.7,2.7836028435028815,37.847104,108.25747724317294,4.299414824447334,0.3865844739316686,534.29,191.42
13.6781,0.0,18.1,0,0.74,5.935,87.9,1.8206,24,666,20.2,68.95,34.02,8.4,2.6863565870169546,35.224225,112.21566975568662,5.732097725358046,0.40645940898604854,687.2040000000001,160.03074
9.39063,0.0,18.1,0,0.74,5.627,93.9,1.8172,24,666,20.2,396.9,22.88,12.8,2.340904438499074,31.663128999999998,118.35791718500089,4.066109827616847,0.4072198987453225,462.176,170.63508000000002
22.0511,0.0,18.1,0,0.74,5.818,92.4,1.8662,24,666,20.2,391.45,22.11,10.5,3.137713490646716,33.849123999999996,114.47232726022689,3.800275008594019,0.39652770335441,446.62199999999996,172.43688000000003
9.72418,0.0,18.1,0,0.74,6.406,97.2,2.0651,24,666,20.2,385.96,19.52,17.1,2.372501005014648,41.036835999999994,103.96503278176709,3.0471433031532937,0.35833615805529995,394.304,200.72772000000003
5.66637,0.0,18.1,0,0.74,6.219,100.0,2.0048,24,666,20.2,395.69,16.59,18.4,1.8970754838957269,38.675961,107.09117221418234,2.6676314520019293,0.3691141260973663,335.118,200.48
9.96654,0.0,18.1,0,0.74,6.485,100.0,1.9784,24,666,20.2,386.73,18.85,15.4,2.394848818884537,42.05522500000001,102.69853508095605,2.906707787201234,0.37403962798220786,380.77000000000004,197.84
12.8023,0.0,18.1,0,0.74,5.854,96.6,1.8956,24,666,20.2,240.52,23.79,10.8,2.6248352449424797,34.269316,113.76836351212846,4.063887939870174,0.39037771681789407,480.558,183.11496
10.6718,0.0,18.1,0,0.74,6.459,94.8,1.9879,24,666,20.2,43.06,23.98,11.8,2.457175676049689,41.718681,103.11193683232699,3.7126490168756776,0.37225212535841845,484.396,188.45292
6.28807,0.0,18.1,0,0.74,6.341,96.4,2.072,24,666,20.2,318.01,17.79,14.9,1.9862387647413884,40.208281,105.03075224727961,2.8055511748935498,0.35714285714285715,359.35799999999995,199.7408
9.92485,0.0,18.1,0,0.74,6.251,96.6,2.198,24,666,20.2,388.52,16.44,12.6,2.39104001091028,39.07500100000001,106.5429531274996,2.629979203327468,0.3366696997270246,332.088,212.3268
9.32909,0.0,18.1,0,0.713,6.185,98.7,2.2616,24,666,20.2,396.9,18.13,14.1,2.3349641863179325,38.254225,107.67987065481003,2.931285367825384,0.315263530244075,366.22599999999994,223.21992
7.52601,0.0,18.1,0,0.713,6.417,98.3,2.185,24,666,20.2,304.21,19.31,13.0,2.143121491225277,41.177889,103.78681626928471,3.009194327567399,0.32631578947368417,390.06199999999995,214.7855
6.71772,0.0,18.1,0,0.713,6.749,92.6,2.3236,24,666,20.2,0.32,17.44,13.4,2.0435189836286223,45.549001,98.6812861164617,2.5840865313379764,0.30685143742468585,352.288,215.16535999999996
5.44114,0.0,18.1,0,0.713,6.655,98.2,2.3552,24,666,20.2,355.29,17.73,15.2,1.862705543083853,44.289025,100.07513148009015,2.6641622839969945,0.302734375,358.146,231.28064
5.09017,0.0,18.1,0,0.713,6.297,91.8,2.3682,24,666,20.2,385.09,17.27,16.1,1.8066759959463214,39.652209,105.76464983325394,2.742575829760203,0.3010725445486023,348.854,217.40076
8.24809,0.0,18.1,0,0.713,7.393,99.3,2.4527,24,666,20.2,375.87,16.74,17.8,2.224417043716578,54.656448999999995,90.0852157446233,2.2643040714189095,0.29070004484853423,338.14799999999997,243.55311
9.51363,0.0,18.1,0,0.713,6.728,94.1,2.4961,24,666,20.2,6.68,18.71,14.9,2.3526725106043593,45.265983999999996,98.98929845422117,2.7809155766944116,0.28564560714714954,377.942,234.88301
4.75237,0.0,18.1,0,0.713,6.525,86.5,2.4358,24,666,20.2,50.92,18.13,14.1,1.749611943801969,42.575625,102.06896551724138,2.7785440613026817,0.2927169718367682,366.22599999999994,210.6967
4.66883,0.0,18.1,0,0.713,5.976,87.9,2.5806,24,666,20.2,10.48,19.01,12.7,1.7349827472403847,35.712576,111.44578313253012,3.1810575635876845,0.27629233511586454,384.002,226.83474
8.20058,0.0,18.1,0,0.713,5.936,80.3,2.7792,24,666,20.2,3.5,16.94,13.5,2.219266525546099,35.236095999999996,112.1967654986523,2.8537735849056607,0.25654864709268854,342.188,223.16976
7.75223,0.0,18.1,0,0.713,6.301,83.7,2.7831,24,666,20.2,272.21,16.23,14.9,2.1693085250418154,39.702601,105.69750833201078,2.5757816219647673,0.2561891416046854,327.846,232.94547000000003
6.80117,0.0,18.1,0,0.713,6.081,84.4,2.7175,24,666,20.2,396.9,14.7,20.0,2.0542737224466707,36.978561000000006,109.52146028613714,2.417365564874198,0.2623735050597976,296.94,229.357
4.81213,0.0,18.1,0,0.713,6.701,90.0,2.5975,24,666,20.2,255.23,16.42,16.4,1.7599471129733726,44.903400999999995,99.38815102223549,2.4503805402178784,0.27449470644850815,331.684,233.775
3.69311,0.0,18.1,0,0.713,6.376,88.4,2.5671,24,666,20.2,391.43,14.65,17.7,1.546095475702301,40.653376,104.45420326223336,2.2976787954830615,0.2777453157259164,295.93,226.93164000000002
6.65492,0.0,18.1,0,0.713,6.317,83.0,2.7344,24,666,20.2,396.9,13.99,19.5,2.035348578369212,39.904489000000005,105.42979262308057,2.2146588570523984,0.26075190169689877,282.598,226.9552
5.82115,0.0,18.1,0,0.713,6.513,89.9,2.8016,24,666,20.2,393.82,10.29,20.2,1.9200280793412094,42.419169,102.25702441271304,1.5799170888991247,0.25449743003997716,207.85799999999998,251.86384
7.83932,0.0,18.1,0,0.655,6.209,65.4,2.9634,24,666,20.2,396.9,13.22,21.4,2.1792099506138976,38.551680999999995,107.2636495409889,2.1291673377355456,0.22102989809003173,267.044,193.80636
3.1636,0.0,18.1,0,0.655,5.759,48.2,3.0665,24,666,20.2,334.4,14.13,19.9,1.4263800846591763,33.166081000000005,115.64507727035944,2.4535509637089774,0.21359856513940975,285.426,147.80530000000002
3.77498,0.0,18.1,0,0.655,5.952,84.7,2.8715,24,666,20.2,22.01,17.15,19.0,1.5633897854422465,35.426304,111.89516129032258,2.8813844086021505,0.2281037785129723,346.42999999999995,243.21605000000002
4.42228,0.0,18.1,0,0.584,6.003,94.5,2.5403,24,666,20.2,331.29,21.32,19.1,1.690516391203815,36.036009,110.94452773613193,3.551557554556055,0.2298941069952368,430.664,240.05835
15.5757,0.0,18.1,0,0.58,5.926,71.0,2.9084,24,666,20.2,368.74,18.13,19.1,2.807937767457695,35.117476,112.38609517381032,3.059399257509281,0.19942236281116765,366.22599999999994,206.4964
13.0751,0.0,18.1,0,0.58,5.713,56.7,2.8237,24,666,20.2,396.9,14.76,20.1,2.6444072787962525,32.638369000000004,116.57622965167162,2.5835813057938037,0.20540425682615007,298.152,160.10379
4.34879,0.0,18.1,0,0.58,6.167,84.0,3.0334,24,666,20.2,396.9,16.29,19.9,1.6768703671037264,38.031889,107.99416247770391,2.641478838981677,0.19120458891013384,329.058,254.8056
4.03841,0.0,18.1,0,0.532,6.229,90.7,3.0993,24,666,20.2,395.33,12.87,19.6,1.6170905561197193,38.800441,106.91924867554985,2.066142237919409,0.1716516632788049,259.974,281.10651
3.56868,0.0,18.1,0,0.58,6.437,75.0,2.8965,24,666,20.2,393.37,14.36,23.2,1.5192243229211484,41.434969,103.46434674537828,2.230852881777225,0.2002416709822199,290.072,217.2375
4.64689,0.0,18.1,0,0.614,6.98,67.6,2.5329,24,666,20.2,374.68,11.66,29.8,1.7311049511313974,48.720400000000005,95.41547277936962,1.670487106017192,0.24240988590153578,235.53199999999998,171.22404
8.05579,0.0,18.1,0,0.584,5.427,95.4,2.4298,24,666,20.2,352.58,18.14,13.8,2.203404332146021,29.452328999999995,122.71973466003318,3.342546526626129,0.24034899991768865,366.428,231.80292000000003
6.39312,0.0,18.1,0,0.584,6.162,97.4,2.206,24,666,20.2,302.76,24.1,13.3,2.000549838013637,37.970244,108.08179162609542,3.9110678351184682,0.26473254759746145,486.82,214.86440000000002
4.87141,0.0,18.1,0,0.614,6.484,93.6,2.3053,24,666,20.2,396.21,18.68,16.7,1.7700948094248417,42.042256,102.7143738433066,2.880937692782233,0.26634277534377304,377.33599999999996,215.77607999999998
15.0234,0.0,18.1,0,0.614,5.304,97.3,2.1007,24,666,20.2,349.48,24.91,12.0,2.7740501538282305,28.132416000000003,125.5656108597285,4.696455505279035,0.29228352453943923,503.18199999999996,204.39810999999997
10.233,0.0,18.1,0,0.614,6.185,96.7,2.1705,24,666,20.2,379.7,18.03,14.6,2.418855874659432,38.254225,107.67987065481003,2.915117219078416,0.2828841280810873,364.206,209.88735000000003
14.3337,0.0,18.1,0,0.614,6.229,88.0,1.9512,24,666,20.2,383.32,13.11,21.4,2.730053020578551,38.800441,106.91924867554985,2.104671696901589,0.3146781467814678,264.822,171.7056
5.82401,0.0,18.1,0,0.532,6.242,64.7,3.4242,24,666,20.2,396.9,10.74,23.0,1.9204472756044826,38.962564,106.69657161166293,1.7206023710349247,0.15536475673149935,216.948,221.54574
5.70818,0.0,18.1,0,0.532,6.75,74.9,3.3317,24,666,20.2,393.07,7.74,23.7,1.9033276772324317,45.5625,98.66666666666667,1.1466666666666667,0.159678242338746,156.34799999999998,249.54433000000003
5.73116,0.0,18.1,0,0.532,7.061,77.0,3.4106,24,666,20.2,395.28,7.01,25.0,1.9067474913596385,49.857721,94.32091771703725,0.9927772270216683,0.15598428429015423,141.602,262.6162
2.81838,0.0,18.1,0,0.532,5.762,40.3,4.0983,24,666,20.2,392.92,10.42,21.8,1.3398262488998969,33.200644,115.5848663658452,1.8083998611593197,0.12980992118683357,210.48399999999998,165.16149
2.37857,0.0,18.1,0,0.583,5.871,41.9,3.724,24,666,20.2,370.73,13.34,20.6,1.2174525430495582,34.468641000000005,113.43893714869698,2.2721853176630895,0.15655209452201932,269.46799999999996,156.03560000000002
3.67367,0.0,18.1,0,0.583,6.312,51.9,3.9917,24,666,20.2,388.62,10.58,21.2,1.541944630286521,39.84134400000001,105.51330798479087,1.6761723700887199,0.1460530600997069,213.71599999999998,207.16922999999997
5.69175,0.0,18.1,0,0.583,6.114,79.8,3.5459,24,666,20.2,392.68,14.98,19.1,1.9008754243872985,37.380995999999996,108.93032384690873,2.450114491331371,0.16441524013649567,302.596,282.96282
4.83567,0.0,18.1,0,0.583,5.905,53.2,3.1523,24,666,20.2,388.22,11.45,20.6,1.763989083482614,34.869025,112.78577476714648,1.9390347163420827,0.18494432636487643,231.28999999999996,167.70236
0.15086,0.0,27.74,0,0.609,5.454,92.7,1.8209,4,711,20.1,395.09,18.06,15.2,0.14050948897951462,29.746115999999997,130.36303630363037,3.311331133113311,0.3344499972541051,363.006,168.79743
0.18337,0.0,27.74,0,0.609,5.414,98.3,1.7554,4,711,20.1,344.05,23.97,7.0,0.16836630025465413,29.311396,131.32619135574438,4.427410417436277,0.3469294747635866,481.797,172.55582
0.20746,0.0,27.74,0,0.609,5.093,98.0,1.8226,4,711,20.1,318.43,29.68,8.1,0.18851897970190706,25.938648999999998,139.60337718437071,5.827606518751227,0.3341380445517393,596.568,178.6148
0.10574,0.0,27.74,0,0.609,5.983,98.8,1.8681,4,711,20.1,390.11,18.07,13.6,0.10051479408986368,35.796288999999994,118.83670399465151,3.020223967909076,0.3259996788180504,363.20700000000005,184.56828000000002
0.11132,0.0,27.74,0,0.609,5.983,83.5,2.1099,4,711,20.1,396.9,13.35,20.1,0.10554849798804088,35.796288999999994,118.83670399465151,2.2313220792244692,0.28863927200341244,268.33500000000004,176.17665
0.17331,0.0,9.69,0,0.585,5.707,54.0,2.3817,6,391,19.2,396.9,12.01,21.8,0.15982881438052332,32.569849,68.51235325039426,2.1044331522691433,0.2456228744174329,230.59199999999998,128.6118
0.27957,0.0,9.69,0,0.585,5.926,42.6,2.3817,6,391,19.2,396.9,13.59,24.5,0.24652408399188336,35.117476,65.98042524468444,2.2932838339520756,0.2456228744174329,260.928,101.46042
0.17899,0.0,9.69,0,0.585,5.67,28.8,2.7986,6,391,19.2,393.29,17.6,23.1,0.16465813975505655,32.1489,68.95943562610229,3.104056437389771,0.2090330879725577,337.92,80.59968
0.2896,0.0,9.69,0,0.585,5.39,72.9,2.7986,6,391,19.2,396.9,21.14,19.7,0.25433209277022684,29.052099999999996,72.54174397031541,3.9220779220779223,0.2090330879725577,405.888,204.01794
0.26838,0.0,9.69,0,0.585,5.794,70.6,2.8927,6,391,19.2,396.9,14.1,18.3,0.23774049566117803,33.570435999999994,67.48360372799448,2.433551950293407,0.20223320772980258,270.71999999999997,204.22462
0.23912,0.0,9.69,0,0.585,6.019,65.3,2.4091,6,391,19.2,396.9,12.92,21.2,0.21440145025736632,36.228361,64.96095696959628,2.146535969430138,0.2428292723423685,248.064,157.31422999999998
0.17783,0.0,9.69,0,0.585,5.569,73.5,2.3999,6,391,19.2,395.77,15.1,17.5,0.16367376242147155,31.013761,70.21009157838031,2.7114383192673728,0.2437601566731947,289.91999999999996,176.39265
0.22438,0.0,9.69,0,0.585,6.027,79.7,2.4982,6,391,19.2,396.9,14.33,16.8,0.20243459342451153,36.324729000000005,64.87473037995686,2.377633980421437,0.23416860139300294,275.13599999999997,199.10654000000002
0.06263,0.0,11.93,0,0.573,6.593,69.1,2.4786,1,273,21.0,391.99,9.67,22.4,0.06074696727310071,43.467649,41.40755346579706,1.466707113605339,0.23117889130961022,203.07,171.27125999999998
0.04527,0.0,11.93,0,0.573,6.12,76.7,2.2875,1,273,21.0,396.9,9.08,20.6,0.0442752252499075,37.4544,44.6078431372549,1.4836601307189543,0.2504918032786885,190.68,175.45125000000002
0.06076,0.0,11.93,0,0.573,6.976,91.0,2.1675,1,273,21.0,396.9,5.64,23.9,0.058985632347870916,48.664576,39.13417431192661,0.8084862385321101,0.2643598615916955,118.44,197.2425
0.10959,0.0,11.93,0,0.573,6.794,89.3,2.3889,1,273,21.0,393.45,6.48,22.0,0.10399057772120508,46.158435999999995,40.18251398292611,0.9537827494848397,0.2398593494913977,136.08,213.32877
0.04741,0.0,11.93,0,0.573,6.03,80.8,2.505,1,273,21.0,396.9,7.88,11.9,0.04632045026850427,36.3609,45.27363184079602,1.3067993366500827,0.22874251497005987,165.48,202.404
